OTUs,sampleID,readCount
uniq1440,sample9,4
uniq35913,sample11,4
uniq24142,sample3,4
uniq4599,sample14,4
uniq398,sample4,4
uniq440,sample2,4
uniq440,sample5,4
uniq506,sample14,4
uniq925,sample7,4
uniq925,sample13,4
uniq1093,sample3,4
uniq1120,sample13,4
uniq1184,sample8,4
uniq2604,sample10,4
uniq4432,sample2,4
uniq4432,sample10,4
uniq3744,sample5,4
uniq4983,sample5,4
uniq5670,sample7,4
uniq9536,sample2,4
uniq9536,sample12,4
uniq6393,sample11,4
uniq7646,sample3,4
uniq9514,sample8,4
uniq9916,sample2,4
uniq10841,sample8,4
uniq12882,sample2,4
uniq12882,sample6,4
uniq26632,sample4,4
uniq27619,sample13,4
uniq40550,sample5,4
uniq32386,sample9,4
uniq32987,sample5,4
uniq33163,sample9,4
uniq37529,sample8,4
uniq38134,sample2,4
uniq39400,sample9,4
uniq43016,sample13,4
uniq48216,sample8,4
uniq52038,sample11,4
uniq16681,sample9,4
uniq16120,sample9,4
uniq49208,sample8,4
uniq212,sample13,4
uniq15735,sample13,4
uniq4765,sample4,4
uniq7671,sample8,4
uniq40591,sample5,4
uniq51425,sample8,4
uniq435,sample9,4
uniq1016,sample12,4
uniq45240,sample14,4
uniq1287,sample9,4
uniq493,sample7,4
uniq493,sample8,4
uniq786,sample5,4
uniq993,sample5,4
uniq7891,sample14,4
uniq8598,sample14,4
uniq14630,sample14,4
uniq47188,sample3,4
uniq136,sample13,4
uniq811,sample5,4
uniq1613,sample6,4
uniq10353,sample8,4
uniq13716,sample8,4
uniq30656,sample8,4
uniq42746,sample3,4
uniq48523,sample8,4
uniq40929,sample8,4
uniq42257,sample3,4
uniq357,sample11,4
uniq44978,sample3,4
uniq35854,sample6,4
uniq36194,sample10,4
uniq42574,sample7,4
uniq49123,sample5,4
uniq1030,sample3,4
uniq25543,sample1,4
uniq542,sample8,4
uniq256,sample4,4
uniq581,sample15,4
uniq1125,sample1,4
uniq10333,sample7,4
uniq17164,sample10,4
uniq14389,sample10,4
uniq36429,sample3,4
uniq49194,sample7,4
uniq52060,sample7,4
uniq488,sample2,4
uniq1300,sample12,4
uniq1377,sample12,4
uniq1746,sample12,4
uniq2352,sample12,4
uniq34445,sample5,4
uniq39999,sample10,4
uniq40875,sample2,4
uniq43529,sample11,4
uniq170,sample9,4
uniq636,sample12,4
uniq388,sample10,4
uniq414,sample9,4
uniq1330,sample5,4
uniq2102,sample12,4
uniq6386,sample7,4
uniq7434,sample6,4
uniq33453,sample11,4
uniq36987,sample2,4
uniq49282,sample11,4
uniq297,sample15,4
uniq624,sample12,4
uniq889,sample8,4
uniq1812,sample14,4
uniq149,sample1,4
uniq17997,sample8,4
uniq2209,sample2,4
uniq870,sample15,4
uniq380,sample2,4
uniq32420,sample9,4
uniq813,sample11,4
uniq813,sample12,4
uniq1552,sample7,4
uniq27854,sample8,4
uniq20024,sample2,4
uniq32794,sample11,4
uniq167,sample9,4
uniq14481,sample9,4
uniq41891,sample9,4
uniq42662,sample2,4
uniq11211,sample14,4
uniq43708,sample2,4
uniq454,sample12,4
uniq34340,sample2,4
uniq821,sample12,4
uniq39002,sample7,4
uniq46821,sample3,4
uniq2034,sample9,4
uniq1847,sample6,4
uniq40126,sample7,4
uniq443,sample12,4
uniq40190,sample13,4
uniq2281,sample5,4
uniq9926,sample8,4
uniq20650,sample4,4
uniq42047,sample8,4
uniq42871,sample13,4
uniq47432,sample8,4
uniq48333,sample4,4
uniq51794,sample7,4
uniq6862,sample4,4
uniq22761,sample2,4
uniq45098,sample14,4
uniq356,sample7,4
uniq356,sample8,4
uniq11195,sample3,4
uniq41518,sample3,4
uniq51470,sample13,4
uniq44126,sample4,4
uniq37370,sample4,4
uniq39425,sample4,4
uniq41825,sample1,4
uniq20603,sample2,4
uniq20603,sample3,4
uniq20603,sample4,4
uniq8470,sample4,4
uniq16445,sample3,4
uniq14744,sample4,4
uniq9111,sample14,4
uniq42517,sample4,4
uniq3232,sample6,4
uniq4870,sample3,4
uniq49531,sample4,4
uniq35099,sample4,4
uniq14675,sample3,4
uniq38965,sample3,4
uniq15097,sample3,4
uniq491,sample11,4
uniq28211,sample13,4
uniq16575,sample3,4
uniq37503,sample3,4
uniq40986,sample3,4
uniq45179,sample3,4
uniq21612,sample14,4
uniq42183,sample14,4
uniq50281,sample3,4
uniq42651,sample5,4
uniq42593,sample6,4
uniq35853,sample4,4
uniq36938,sample11,4
uniq37404,sample1,4
uniq5379,sample5,4
uniq26741,sample10,4
uniq38556,sample13,4
uniq29918,sample10,4
uniq13303,sample2,4
uniq47662,sample8,4
uniq1440,sample1,5
uniq2046,sample4,5
uniq3493,sample9,5
uniq1688,sample3,5
uniq195,sample1,5
uniq398,sample8,5
uniq363,sample9,5
uniq751,sample15,5
uniq506,sample8,5
uniq1274,sample14,5
uniq1093,sample4,5
uniq1184,sample2,5
uniq1184,sample14,5
uniq3721,sample2,5
uniq3736,sample6,5
uniq5856,sample8,5
uniq5558,sample4,5
uniq25122,sample14,5
uniq26485,sample1,5
uniq20695,sample1,5
uniq21989,sample10,5
uniq22149,sample6,5
uniq31416,sample2,5
uniq34122,sample8,5
uniq34148,sample4,5
uniq34837,sample14,5
uniq35058,sample3,5
uniq39334,sample3,5
uniq39540,sample8,5
uniq40733,sample13,5
uniq41610,sample11,5
uniq4568,sample13,5
uniq15735,sample14,5
uniq18585,sample14,5
uniq32713,sample5,5
uniq34081,sample5,5
uniq40616,sample11,5
uniq970,sample9,5
uniq95,sample6,5
uniq95,sample10,5
uniq3974,sample8,5
uniq15526,sample5,5
uniq34783,sample13,5
uniq10689,sample5,5
uniq625,sample1,5
uniq622,sample9,5
uniq622,sample11,5
uniq622,sample15,5
uniq2280,sample8,5
uniq1721,sample1,5
uniq2175,sample4,5
uniq3409,sample10,5
uniq3473,sample1,5
uniq4070,sample6,5
uniq8598,sample2,5
uniq15476,sample6,5
uniq9581,sample8,5
uniq263,sample15,5
uniq136,sample3,5
uniq1613,sample4,5
uniq24789,sample2,5
uniq5028,sample1,5
uniq27608,sample8,5
uniq32222,sample3,5
uniq5220,sample8,5
uniq253,sample4,5
uniq253,sample12,5
uniq16131,sample11,5
uniq198,sample2,5
uniq37339,sample7,5
uniq239,sample1,5
uniq37198,sample3,5
uniq543,sample2,5
uniq32669,sample2,5
uniq39784,sample11,5
uniq426,sample9,5
uniq34091,sample5,5
uniq107,sample12,5
uniq192,sample6,5
uniq288,sample15,5
uniq636,sample15,5
uniq414,sample10,5
uniq641,sample8,5
uniq17124,sample13,5
uniq35446,sample11,5
uniq38309,sample11,5
uniq39859,sample11,5
uniq284,sample13,5
uniq8119,sample2,5
uniq177,sample15,5
uniq470,sample9,5
uniq470,sample15,5
uniq377,sample8,5
uniq40331,sample3,5
uniq248,sample13,5
uniq149,sample4,5
uniq33357,sample1,5
uniq380,sample14,5
uniq181,sample9,5
uniq12302,sample14,5
uniq7755,sample4,5
uniq35248,sample4,5
uniq31643,sample8,5
uniq167,sample12,5
uniq5479,sample11,5
uniq14481,sample10,5
uniq2724,sample9,5
uniq1106,sample9,5
uniq6400,sample1,5
uniq6400,sample2,5
uniq15131,sample14,5
uniq33514,sample3,5
uniq10708,sample15,5
uniq31017,sample11,5
uniq40463,sample11,5
uniq454,sample4,5
uniq4468,sample8,5
uniq9637,sample7,5
uniq28270,sample2,5
uniq32753,sample2,5
uniq39950,sample11,5
uniq197,sample2,5
uniq32409,sample14,5
uniq36867,sample10,5
uniq7288,sample15,5
uniq443,sample3,5
uniq660,sample11,5
uniq2281,sample3,5
uniq1737,sample9,5
uniq3836,sample4,5
uniq3836,sample10,5
uniq2823,sample4,5
uniq2823,sample9,5
uniq39786,sample4,5
uniq365,sample2,5
uniq24549,sample5,5
uniq30128,sample5,5
uniq41220,sample3,5
uniq41393,sample4,5
uniq12717,sample5,5
uniq1941,sample4,5
uniq6958,sample4,5
uniq12015,sample9,5
uniq28215,sample3,5
uniq35117,sample2,5
uniq34817,sample13,5
uniq3849,sample5,5
uniq34695,sample8,5
uniq24094,sample4,5
uniq40395,sample4,5
uniq1602,sample1,5
uniq16680,sample13,5
uniq32565,sample14,5
uniq34358,sample10,5
uniq24600,sample2,5
uniq610,sample9,5
uniq537,sample1,5
uniq26644,sample1,5
uniq34168,sample2,5
uniq4265,sample5,5
uniq26884,sample14,5
uniq6770,sample1,5
uniq23302,sample3,5
uniq40964,sample3,5
uniq22879,sample3,5
uniq486,sample3,5
uniq34737,sample3,5
uniq28858,sample13,5
uniq15484,sample2,5
uniq32240,sample2,5
uniq31800,sample2,5
uniq32884,sample4,5
uniq15454,sample6,5
uniq1128,sample2,5
uniq15208,sample6,5
uniq33129,sample14,5
uniq26681,sample1,5
uniq28570,sample6,5
uniq9475,sample8,5
uniq34792,sample5,5
uniq34185,sample4,5
uniq33388,sample6,5
uniq30776,sample10,5
uniq33801,sample8,6
uniq131,sample5,6
uniq33344,sample10,6
uniq21057,sample10,6
uniq498,sample12,6
uniq750,sample4,6
uniq3029,sample11,6
uniq6485,sample5,6
uniq3498,sample8,6
uniq3744,sample10,6
uniq9536,sample10,6
uniq7026,sample2,6
uniq7573,sample5,6
uniq9329,sample1,6
uniq12882,sample8,6
uniq11161,sample14,6
uniq16528,sample15,6
uniq34709,sample5,6
uniq24595,sample2,6
uniq25491,sample2,6
uniq27304,sample10,6
uniq29111,sample11,6
uniq30282,sample7,6
uniq32744,sample13,6
uniq32807,sample13,6
uniq212,sample15,6
uniq397,sample6,6
uniq15526,sample1,6
uniq15526,sample13,6
uniq1287,sample1,6
uniq261,sample7,6
uniq290,sample3,6
uniq290,sample11,6
uniq290,sample15,6
uniq493,sample3,6
uniq493,sample13,6
uniq881,sample3,6
uniq756,sample7,6
uniq993,sample8,6
uniq2741,sample10,6
uniq855,sample4,6
uniq855,sample13,6
uniq3177,sample8,6
uniq29086,sample5,6
uniq15419,sample14,6
uniq8817,sample4,6
uniq1203,sample15,6
uniq811,sample2,6
uniq25195,sample8,6
uniq26105,sample3,6
uniq2508,sample4,6
uniq25514,sample9,6
uniq29569,sample10,6
uniq20222,sample14,6
uniq386,sample3,6
uniq310,sample4,6
uniq310,sample5,6
uniq239,sample9,6
uniq338,sample11,6
uniq890,sample11,6
uniq12188,sample11,6
uniq2730,sample10,6
uniq536,sample5,6
uniq31285,sample11,6
uniq34038,sample8,6
uniq18,sample1,6
uniq107,sample3,6
uniq160,sample4,6
uniq288,sample7,6
uniq461,sample9,6
uniq641,sample12,6
uniq6386,sample14,6
uniq25226,sample8,6
uniq25779,sample11,6
uniq27871,sample11,6
uniq177,sample4,6
uniq177,sample5,6
uniq377,sample10,6
uniq149,sample12,6
uniq149,sample13,6
uniq517,sample12,6
uniq29643,sample3,6
uniq15803,sample6,6
uniq16181,sample8,6
uniq24710,sample9,6
uniq33786,sample3,6
uniq23860,sample9,6
uniq737,sample3,6
uniq22947,sample10,6
uniq31684,sample11,6
uniq33164,sample15,6
uniq512,sample13,6
uniq28532,sample8,6
uniq454,sample6,6
uniq5798,sample10,6
uniq8272,sample8,6
uniq209,sample3,6
uniq10510,sample14,6
uniq5276,sample14,6
uniq285,sample3,6
uniq1847,sample10,6
uniq14337,sample11,6
uniq26607,sample2,6
uniq20877,sample15,6
uniq33475,sample2,6
uniq28531,sample3,6
uniq27628,sample2,6
uniq28482,sample14,6
uniq29515,sample8,6
uniq3021,sample8,6
uniq24113,sample8,6
uniq27472,sample4,6
uniq33640,sample3,6
uniq4529,sample2,6
uniq32243,sample4,6
uniq124,sample10,6
uniq1142,sample2,6
uniq1142,sample3,6
uniq13783,sample1,6
uniq29309,sample3,6
uniq7714,sample3,6
uniq6392,sample11,6
uniq25876,sample8,6
uniq9103,sample4,6
uniq22976,sample5,6
uniq33476,sample8,6
uniq29977,sample5,6
uniq8170,sample5,6
uniq2132,sample14,6
uniq18520,sample1,6
uniq27455,sample1,6
uniq537,sample14,6
uniq11652,sample4,6
uniq26884,sample4,6
uniq10917,sample8,6
uniq18662,sample1,6
uniq33816,sample3,6
uniq32568,sample14,6
uniq34589,sample3,6
uniq13693,sample1,6
uniq30256,sample2,6
uniq12719,sample6,6
uniq28148,sample10,6
uniq20541,sample13,6
uniq22550,sample4,6
uniq486,sample1,6
uniq15134,sample3,6
uniq28339,sample10,6
uniq16289,sample13,6
uniq22926,sample12,6
uniq34113,sample11,6
uniq8721,sample4,6
uniq5421,sample8,6
uniq6844,sample8,6
uniq32226,sample9,6
uniq29350,sample11,7
uniq119,sample5,7
uniq195,sample10,7
uniq750,sample1,7
uniq750,sample2,7
uniq1120,sample6,7
uniq2604,sample2,7
uniq3498,sample11,7
uniq6393,sample13,7
uniq6698,sample11,7
uniq7238,sample5,7
uniq14899,sample14,7
uniq8619,sample4,7
uniq9514,sample1,7
uniq15411,sample5,7
uniq15423,sample9,7
uniq18435,sample14,7
uniq20449,sample2,7
uniq22511,sample3,7
uniq23322,sample11,7
uniq25295,sample5,7
uniq25849,sample7,7
uniq26058,sample10,7
uniq26131,sample9,7
uniq1903,sample1,7
uniq22791,sample2,7
uniq22852,sample14,7
uniq172,sample10,7
uniq2315,sample5,7
uniq4765,sample11,7
uniq407,sample3,7
uniq435,sample2,7
uniq3923,sample4,7
uniq174,sample12,7
uniq732,sample7,7
uniq993,sample10,7
uniq3473,sample4,7
uniq3473,sample14,7
uniq5131,sample5,7
uniq5131,sample13,7
uniq25511,sample1,7
uniq136,sample15,7
uniq318,sample10,7
uniq5028,sample14,7
uniq19164,sample8,7
uniq20044,sample7,7
uniq20643,sample14,7
uniq29514,sample14,7
uniq22840,sample3,7
uniq23437,sample7,7
uniq29068,sample10,7
uniq543,sample13,7
uniq10032,sample7,7
uniq171,sample5,7
uniq895,sample11,7
uniq15510,sample11,7
uniq20224,sample2,7
uniq26355,sample7,7
uniq426,sample5,7
uniq160,sample2,7
uniq160,sample5,7
uniq164,sample15,7
uniq170,sample2,7
uniq910,sample12,7
uniq6386,sample2,7
uniq13416,sample6,7
uniq21563,sample8,7
uniq21951,sample11,7
uniq24140,sample11,7
uniq24567,sample11,7
uniq25252,sample11,7
uniq29610,sample8,7
uniq1521,sample15,7
uniq125,sample5,7
uniq125,sample11,7
uniq163,sample4,7
uniq106,sample7,7
uniq322,sample14,7
uniq230,sample8,7
uniq572,sample3,7
uniq265,sample3,7
uniq80,sample12,7
uniq11649,sample9,7
uniq16181,sample7,7
uniq529,sample9,7
uniq29294,sample15,7
uniq22833,sample10,7
uniq3373,sample14,7
uniq22548,sample15,7
uniq2505,sample7,7
uniq29160,sample11,7
uniq9977,sample8,7
uniq25582,sample2,7
uniq29138,sample15,7
uniq27709,sample9,7
uniq502,sample2,7
uniq18271,sample13,7
uniq27212,sample13,7
uniq18495,sample10,7
uniq23670,sample2,7
uniq660,sample5,7
uniq11648,sample8,7
uniq22571,sample13,7
uniq25884,sample4,7
uniq26030,sample2,7
uniq26515,sample10,7
uniq29262,sample10,7
uniq2088,sample3,7
uniq5446,sample4,7
uniq6524,sample9,7
uniq6862,sample14,7
uniq23014,sample14,7
uniq17645,sample4,7
uniq375,sample3,7
uniq7622,sample8,7
uniq8080,sample14,7
uniq17686,sample14,7
uniq22474,sample2,7
uniq21271,sample14,7
uniq23291,sample5,7
uniq11589,sample5,7
uniq23187,sample2,7
uniq24302,sample4,7
uniq19987,sample13,7
uniq16832,sample13,7
uniq1602,sample13,7
uniq11250,sample3,7
uniq22466,sample8,7
uniq20043,sample7,7
uniq24694,sample14,7
uniq22058,sample7,7
uniq21384,sample14,7
uniq24775,sample4,7
uniq24988,sample4,7
uniq27699,sample13,7
uniq23892,sample4,7
uniq27278,sample13,7
uniq23026,sample9,7
uniq20934,sample7,7
uniq23913,sample5,7
uniq25581,sample11,7
uniq29192,sample5,7
uniq8721,sample5,7
uniq5379,sample4,7
uniq23590,sample1,7
uniq24136,sample7,7
uniq18708,sample14,7
uniq9557,sample1,8
uniq398,sample7,8
uniq363,sample12,8
uniq1093,sample10,8
uniq1120,sample11,8
uniq6485,sample9,8
uniq6485,sample14,8
uniq5177,sample1,8
uniq8619,sample1,8
uniq12824,sample3,8
uniq13956,sample14,8
uniq18575,sample14,8
uniq19799,sample8,8
uniq19833,sample13,8
uniq20260,sample9,8
uniq22043,sample10,8
uniq22581,sample4,8
uniq22905,sample2,8
uniq24596,sample13,8
uniq25533,sample4,8
uniq172,sample5,8
uniq23123,sample11,8
uniq397,sample7,8
uniq397,sample15,8
uniq735,sample11,8
uniq3974,sample13,8
uniq19676,sample13,8
uniq10689,sample4,8
uniq625,sample4,8
uniq1287,sample7,8
uniq786,sample1,8
uniq786,sample13,8
uniq2231,sample6,8
uniq2231,sample14,8
uniq5131,sample11,8
uniq6447,sample6,8
uniq855,sample14,8
uniq845,sample15,8
uniq453,sample12,8
uniq318,sample9,8
uniq5814,sample2,8
uniq5814,sample8,8
uniq25831,sample14,8
uniq4454,sample10,8
uniq25801,sample7,8
uniq3666,sample8,8
uniq606,sample12,8
uniq536,sample15,8
uniq13429,sample6,8
uniq23757,sample2,8
uniq288,sample5,8
uniq15078,sample6,8
uniq20051,sample8,8
uniq21981,sample11,8
uniq22188,sample15,8
uniq25726,sample11,8
uniq125,sample15,8
uniq297,sample2,8
uniq208,sample1,8
uniq377,sample11,8
uniq27,sample4,8
uniq370,sample13,8
uniq132,sample12,8
uniq529,sample15,8
uniq167,sample5,8
uniq14661,sample10,8
uniq1106,sample15,8
uniq1144,sample8,8
uniq876,sample14,8
uniq20788,sample13,8
uniq1219,sample12,8
uniq22698,sample10,8
uniq209,sample1,8
uniq11,sample13,8
uniq197,sample14,8
uniq285,sample1,8
uniq285,sample8,8
uniq21254,sample12,8
uniq16268,sample6,8
uniq7288,sample6,8
uniq23879,sample8,8
uniq660,sample15,8
uniq12027,sample10,8
uniq15096,sample1,8
uniq25686,sample2,8
uniq5221,sample6,8
uniq5221,sample10,8
uniq6340,sample1,8
uniq6524,sample14,8
uniq22527,sample4,8
uniq16604,sample4,8
uniq5840,sample3,8
uniq21769,sample4,8
uniq34959,sample5,8
uniq8170,sample2,8
uniq7494,sample14,8
uniq8729,sample8,8
uniq2132,sample8,8
uniq20441,sample4,8
uniq3232,sample2,8
uniq11250,sample6,8
uniq44903,sample3,8
uniq20798,sample14,8
uniq4539,sample1,8
uniq11645,sample3,8
uniq19534,sample9,8
uniq22386,sample4,8
uniq6982,sample5,8
uniq14263,sample1,8
uniq25658,sample3,8
uniq21128,sample5,8
uniq3338,sample7,8
uniq15454,sample7,8
uniq23143,sample11,8
uniq16854,sample6,8
uniq24971,sample8,8
uniq18831,sample1,8
uniq21699,sample8,8
uniq15918,sample4,9
uniq289,sample14,9
uniq4599,sample13,9
uniq8209,sample12,9
uniq282,sample7,9
uniq506,sample3,9
uniq750,sample7,9
uniq6485,sample4,9
uniq5177,sample2,9
uniq5626,sample14,9
uniq9916,sample8,9
uniq15011,sample13,9
uniq18005,sample3,9
uniq18719,sample2,9
uniq19647,sample13,9
uniq22375,sample13,9
uniq22886,sample2,9
uniq1632,sample2,9
uniq19026,sample2,9
uniq7671,sample5,9
uniq22401,sample11,9
uniq22908,sample12,9
uniq23263,sample13,9
uniq407,sample6,9
uniq407,sample7,9
uniq2673,sample13,9
uniq625,sample14,9
uniq1287,sample4,9
uniq62,sample11,9
uniq290,sample5,9
uniq290,sample7,9
uniq290,sample8,9
uniq732,sample3,9
uniq2175,sample5,9
uniq2175,sample14,9
uniq13338,sample6,9
uniq18232,sample7,9
uniq23025,sample7,9
uniq318,sample3,9
uniq5028,sample7,9
uniq17248,sample11,9
uniq5814,sample1,9
uniq4383,sample2,9
uniq13856,sample8,9
uniq157,sample7,9
uniq4483,sample14,9
uniq19999,sample12,9
uniq19103,sample10,9
uniq20690,sample10,9
uniq4428,sample14,9
uniq338,sample12,9
uniq12188,sample5,9
uniq14389,sample11,9
uniq18380,sample10,9
uniq23327,sample3,9
uniq3666,sample10,9
uniq895,sample14,9
uniq18694,sample2,9
uniq20297,sample8,9
uniq20440,sample2,9
uniq20482,sample13,9
uniq107,sample14,9
uniq461,sample10,9
uniq461,sample12,9
uniq401,sample8,9
uniq3973,sample7,9
uniq18009,sample1,9
uniq377,sample12,9
uniq230,sample4,9
uniq20037,sample3,9
uniq13715,sample14,9
uniq7755,sample9,9
uniq13219,sample11,9
uniq21451,sample10,9
uniq18858,sample13,9
uniq555,sample6,9
uniq555,sample10,9
uniq473,sample3,9
uniq22660,sample8,9
uniq10510,sample8,9
uniq9230,sample11,9
uniq21372,sample7,9
uniq11548,sample10,9
uniq660,sample3,9
uniq16002,sample2,9
uniq16315,sample2,9
uniq19157,sample4,9
uniq23351,sample4,9
uniq21087,sample10,9
uniq2088,sample13,9
uniq16979,sample13,9
uniq20965,sample2,9
uniq83,sample2,9
uniq375,sample10,9
uniq12015,sample8,9
uniq16782,sample14,9
uniq23120,sample9,9
uniq23151,sample2,9
uniq19151,sample2,9
uniq22876,sample10,9
uniq14056,sample14,9
uniq2461,sample1,9
uniq17363,sample4,9
uniq18143,sample14,9
uniq15321,sample6,9
uniq22361,sample2,9
uniq4533,sample14,9
uniq23059,sample14,9
uniq20153,sample4,9
uniq1160,sample4,9
uniq18357,sample3,9
uniq20780,sample3,9
uniq21188,sample3,9
uniq22675,sample3,9
uniq23267,sample4,9
uniq16561,sample13,9
uniq5421,sample6,9
uniq21341,sample7,9
uniq6844,sample12,9
uniq837,sample1,10
uniq14817,sample9,10
uniq2746,sample13,10
uniq14874,sample4,10
uniq111,sample4,10
uniq282,sample11,10
uniq282,sample13,10
uniq398,sample3,10
uniq363,sample4,10
uniq506,sample5,10
uniq1327,sample3,10
uniq1184,sample7,10
uniq5670,sample3,10
uniq12057,sample4,10
uniq9536,sample9,10
uniq17265,sample8,10
uniq17283,sample8,10
uniq17953,sample2,10
uniq20059,sample13,10
uniq20996,sample12,10
uniq16681,sample6,10
uniq212,sample12,10
uniq17985,sample13,10
uniq3923,sample5,10
uniq3923,sample14,10
uniq174,sample15,10
uniq493,sample5,10
uniq493,sample11,10
uniq622,sample4,10
uniq1299,sample12,10
uniq9581,sample13,10
uniq1203,sample6,10
uniq13716,sample1,10
uniq29420,sample3,10
uniq19502,sample5,10
uniq16131,sample12,10
uniq198,sample14,10
uniq3907,sample10,10
uniq15465,sample10,10
uniq16565,sample10,10
uniq17313,sample14,10
uniq15863,sample13,10
uniq16359,sample13,10
uniq171,sample13,10
uniq16038,sample6,10
uniq449,sample7,10
uniq449,sample13,10
uniq164,sample2,10
uniq164,sample4,10
uniq170,sample10,10
uniq3440,sample8,10
uniq16000,sample11,10
uniq16709,sample1,10
uniq21035,sample7,10
uniq125,sample4,10
uniq177,sample2,10
uniq208,sample5,10
uniq27,sample9,10
uniq29580,sample10,10
uniq15565,sample8,10
uniq512,sample2,10
uniq209,sample8,10
uniq17071,sample3,10
uniq1414,sample2,10
uniq14082,sample13,10
uniq16175,sample2,10
uniq17994,sample2,10
uniq18136,sample2,10
uniq20072,sample13,10
uniq20306,sample7,10
uniq2088,sample2,10
uniq7072,sample4,10
uniq12717,sample4,10
uniq6298,sample13,10
uniq11195,sample14,10
uniq238,sample13,10
uniq15531,sample10,10
uniq20810,sample2,10
uniq16445,sample4,10
uniq23688,sample13,10
uniq7494,sample9,10
uniq19111,sample1,10
uniq20683,sample3,10
uniq4870,sample1,10
uniq7594,sample5,10
uniq2364,sample4,10
uniq20572,sample8,10
uniq19491,sample3,10
uniq20784,sample3,10
uniq17660,sample5,10
uniq31573,sample13,10
uniq4353,sample7,10
uniq15063,sample7,10
uniq8721,sample7,10
uniq17257,sample4,11
uniq131,sample2,11
uniq16688,sample8,11
uniq1688,sample14,11
uniq333,sample9,11
uniq1184,sample3,11
uniq4432,sample8,11
uniq12573,sample11,11
uniq19435,sample1,11
uniq15602,sample14,11
uniq17657,sample7,11
uniq1903,sample15,11
uniq788,sample4,11
uniq2315,sample7,11
uniq212,sample1,11
uniq407,sample5,11
uniq2658,sample8,11
uniq15997,sample13,11
uniq290,sample9,11
uniq756,sample13,11
uniq786,sample8,11
uniq862,sample6,11
uniq2280,sample7,11
uniq3473,sample9,11
uniq263,sample14,11
uniq3177,sample12,11
uniq17411,sample14,11
uniq16221,sample7,11
uniq10353,sample1,11
uniq157,sample3,11
uniq16309,sample3,11
uniq16309,sample7,11
uniq69,sample6,11
uniq16385,sample7,11
uniq16541,sample7,11
uniq99,sample9,11
uniq99,sample10,11
uniq14598,sample11,11
uniq19302,sample2,11
uniq160,sample15,11
uniq170,sample15,11
uniq414,sample12,11
uniq14909,sample11,11
uniq15095,sample11,11
uniq17454,sample5,11
uniq17464,sample11,11
uniq208,sample4,11
uniq3828,sample4,11
uniq18610,sample1,11
uniq27854,sample14,11
uniq80,sample7,11
uniq14628,sample13,11
uniq10988,sample9,11
uniq15387,sample7,11
uniq3146,sample14,11
uniq17497,sample11,11
uniq15695,sample10,11
uniq13215,sample7,11
uniq1737,sample2,11
uniq16144,sample2,11
uniq18135,sample2,11
uniq4203,sample12,11
uniq4203,sample14,11
uniq6862,sample1,11
uniq17964,sample13,11
uniq2602,sample8,11
uniq17939,sample8,11
uniq15496,sample13,11
uniq2557,sample7,11
uniq2557,sample14,11
uniq19015,sample13,11
uniq15511,sample4,11
uniq16752,sample13,11
uniq16114,sample13,11
uniq837,sample10,12
uniq6976,sample15,12
uniq195,sample15,12
uniq333,sample10,12
uniq6176,sample5,12
uniq12057,sample3,12
uniq10841,sample2,12
uniq16584,sample10,12
uniq16659,sample5,12
uniq12940,sample13,12
uniq95,sample2,12
uniq13582,sample13,12
uniq622,sample3,12
uniq1299,sample15,12
uniq862,sample3,12
uniq993,sample6,12
uniq2175,sample13,12
uniq19425,sample14,12
uniq15891,sample1,12
uniq136,sample9,12
uniq318,sample5,12
uniq14570,sample3,12
uniq17450,sample3,12
uniq581,sample10,12
uniq2730,sample11,12
uniq15373,sample15,12
uniq488,sample7,12
uniq895,sample2,12
uniq192,sample2,12
uniq192,sample9,12
uniq6386,sample6,12
uniq163,sample5,12
uniq106,sample14,12
uniq286,sample7,12
uniq736,sample11,12
uniq1547,sample10,12
uniq6400,sample14,12
uniq15131,sample8,12
uniq512,sample8,12
uniq8272,sample2,12
uniq9637,sample2,12
uniq15790,sample10,12
uniq285,sample2,12
uniq1715,sample10,12
uniq660,sample10,12
uniq3355,sample14,12
uniq17351,sample1,12
uniq17706,sample5,12
uniq1142,sample8,12
uniq17686,sample8,12
uniq238,sample12,12
uniq9103,sample6,12
uniq11799,sample5,12
uniq8435,sample13,12
uniq13795,sample13,12
uniq17267,sample4,12
uniq16575,sample14,12
uniq15952,sample14,12
uniq6483,sample14,12
uniq15134,sample4,12
uniq10579,sample13,12
uniq15985,sample4,13
uniq119,sample8,13
uniq60,sample10,13
uniq111,sample1,13
uniq333,sample1,13
uniq750,sample3,13
uniq750,sample14,13
uniq2011,sample6,13
uniq3744,sample13,13
uniq4501,sample7,13
uniq5558,sample1,13
uniq5626,sample8,13
uniq6773,sample8,13
uniq7646,sample9,13
uniq11516,sample1,13
uniq35,sample9,13
uniq258,sample10,13
uniq15112,sample2,13
uniq397,sample8,13
uniq625,sample8,13
uniq1287,sample13,13
uniq261,sample12,13
uniq622,sample1,13
uniq881,sample4,13
uniq1299,sample6,13
uniq862,sample5,13
uniq993,sample1,13
uniq993,sample2,13
uniq2280,sample6,13
uniq2280,sample10,13
uniq2741,sample14,13
uniq3409,sample1,13
uniq15419,sample8,13
uniq10353,sample2,13
uniq17131,sample8,13
uniq157,sample8,13
uniq253,sample6,13
uniq4454,sample3,13
uniq239,sample12,13
uniq606,sample15,13
uniq14519,sample2,13
uniq18,sample8,13
uniq107,sample4,13
uniq401,sample6,13
uniq14720,sample1,13
uniq15201,sample10,13
uniq15397,sample11,13
uniq15530,sample8,13
uniq55,sample6,13
uniq177,sample7,13
uniq208,sample3,13
uniq236,sample7,13
uniq59,sample9,13
uniq17022,sample15,13
uniq3364,sample10,13
uniq11027,sample10,13
uniq648,sample14,13
uniq15305,sample11,13
uniq1219,sample14,13
uniq4200,sample7,13
uniq13772,sample11,13
uniq6737,sample8,13
uniq2281,sample2,13
uniq15787,sample2,13
uniq14136,sample2,13
uniq15074,sample2,13
uniq15481,sample7,13
uniq2185,sample5,13
uniq16513,sample1,13
uniq15552,sample14,13
uniq1806,sample1,13
uniq15417,sample14,13
uniq12046,sample6,13
uniq16247,sample4,13
uniq7494,sample7,13
uniq16430,sample14,13
uniq610,sample7,13
uniq4539,sample3,13
uniq9020,sample1,13
uniq13867,sample4,13
uniq6483,sample3,13
uniq12876,sample4,13
uniq16289,sample4,13
uniq25029,sample15,13
uniq10884,sample12,13
uniq13827,sample12,13
uniq16180,sample8,13
uniq15325,sample8,13
uniq131,sample14,14
uniq7536,sample8,14
uniq282,sample15,14
uniq750,sample6,14
uniq5177,sample14,14
uniq11106,sample15,14
uniq12864,sample5,14
uniq407,sample4,14
uniq3689,sample5,14
uniq4199,sample13,14
uniq435,sample3,14
uniq593,sample8,14
uniq10030,sample5,14
uniq756,sample5,14
uniq756,sample8,14
uniq3409,sample14,14
uniq318,sample1,14
uniq318,sample4,14
uniq157,sample1,14
uniq16512,sample3,14
uniq21842,sample3,14
uniq11343,sample7,14
uniq13146,sample7,14
uniq426,sample4,14
uniq2901,sample7,14
uniq3440,sample6,14
uniq13604,sample7,14
uniq2816,sample11,14
uniq13677,sample10,14
uniq14123,sample11,14
uniq6624,sample3,14
uniq4468,sample2,14
uniq14348,sample2,14
uniq15382,sample7,14
uniq7288,sample11,14
uniq13595,sample5,14
uniq3355,sample5,14
uniq4079,sample11,14
uniq13671,sample2,14
uniq2185,sample8,14
uniq14562,sample14,14
uniq15185,sample2,14
uniq14028,sample1,14
uniq24694,sample3,14
uniq10232,sample1,14
uniq15097,sample13,14
uniq9269,sample1,14
uniq12891,sample7,14
uniq4295,sample3,14
uniq13619,sample3,14
uniq25405,sample14,14
uniq1128,sample1,14
uniq12505,sample7,14
uniq13723,sample14,14
uniq12724,sample13,14
uniq131,sample8,15
uniq14899,sample1,15
uniq13643,sample7,15
uniq14410,sample15,15
uniq3072,sample3,15
uniq35,sample5,15
uniq13593,sample1,15
uniq172,sample6,15
uniq8427,sample11,15
uniq10706,sample13,15
uniq261,sample5,15
uniq261,sample11,15
uniq2175,sample6,15
uniq7891,sample1,15
uniq10081,sample8,15
uniq13214,sample11,15
uniq69,sample9,15
uniq14259,sample12,15
uniq1921,sample10,15
uniq90,sample14,15
uniq15830,sample11,15
uniq12632,sample13,15
uniq10900,sample11,15
uniq12194,sample8,15
uniq20675,sample11,15
uniq163,sample15,15
uniq14352,sample7,15
uniq132,sample3,15
uniq167,sample4,15
uniq12020,sample9,15
uniq454,sample8,15
uniq14416,sample2,15
uniq9384,sample6,15
uniq14076,sample13,15
uniq14254,sample4,15
uniq2185,sample14,15
uniq6340,sample2,15
uniq12546,sample4,15
uniq11500,sample5,15
uniq124,sample15,15
uniq356,sample6,15
uniq18520,sample4,15
uniq13058,sample8,15
uniq4870,sample7,15
uniq3257,sample6,15
uniq13171,sample1,15
uniq13684,sample14,15
uniq14263,sample14,15
uniq12572,sample3,15
uniq12817,sample6,15
uniq9475,sample4,15
uniq43,sample3,16
uniq1688,sample11,16
uniq12638,sample14,16
uniq788,sample1,16
uniq735,sample5,16
uniq13348,sample11,16
uniq174,sample11,16
uniq493,sample1,16
uniq622,sample13,16
uniq862,sample4,16
uniq993,sample7,16
uniq855,sample3,16
uniq8817,sample11,16
uniq453,sample5,16
uniq10685,sample11,16
uniq784,sample7,16
uniq12716,sample7,16
uniq12631,sample10,16
uniq10993,sample7,16
uniq12490,sample8,16
uniq12770,sample6,16
uniq12866,sample2,16
uniq7434,sample10,16
uniq12764,sample10,16
uniq1521,sample11,16
uniq3384,sample10,16
uniq27,sample12,16
uniq181,sample1,16
uniq167,sample3,16
uniq12127,sample9,16
uniq11754,sample1,16
uniq11211,sample2,16
uniq10708,sample11,16
uniq14599,sample6,16
uniq9178,sample7,16
uniq12366,sample1,16
uniq40,sample12,16
uniq13308,sample2,16
uniq13057,sample2,16
uniq13532,sample2,16
uniq4203,sample2,16
uniq6524,sample2,16
uniq9828,sample2,16
uniq12537,sample14,16
uniq8080,sample1,16
uniq7714,sample4,16
uniq7714,sample5,16
uniq12845,sample14,16
uniq13008,sample5,16
uniq13240,sample2,16
uniq8729,sample6,16
uniq537,sample5,16
uniq4870,sample4,16
uniq12103,sample4,16
uniq12074,sample7,16
uniq12560,sample14,16
uniq13357,sample9,16
uniq12156,sample8,16
uniq4982,sample9,17
uniq11825,sample3,17
uniq3493,sample10,17
uniq1688,sample10,17
uniq60,sample5,17
uniq111,sample2,17
uniq398,sample12,17
uniq2011,sample13,17
uniq6485,sample7,17
uniq14535,sample4,17
uniq11332,sample3,17
uniq113,sample12,17
uniq212,sample5,17
uniq212,sample8,17
uniq6591,sample4,17
uniq3923,sample13,17
uniq1299,sample3,17
uniq993,sample4,17
uniq2231,sample5,17
uniq2231,sample13,17
uniq263,sample5,17
uniq3177,sample11,17
uniq1539,sample10,17
uniq3907,sample11,17
uniq12146,sample3,17
uniq2730,sample8,17
uniq90,sample13,17
uniq171,sample1,17
uniq171,sample15,17
uniq895,sample7,17
uniq11626,sample11,17
uniq1856,sample11,17
uniq5545,sample6,17
uniq7737,sample8,17
uniq10282,sample10,17
uniq125,sample2,17
uniq27,sample11,17
uniq10137,sample2,17
uniq80,sample3,17
uniq12723,sample9,17
uniq167,sample8,17
uniq2505,sample11,17
uniq1219,sample10,17
uniq11209,sample11,17
uniq5276,sample1,17
uniq12570,sample11,17
uniq11160,sample15,17
uniq660,sample7,17
uniq660,sample14,17
uniq11861,sample2,17
uniq12615,sample13,17
uniq4529,sample4,17
uniq9371,sample4,17
uniq238,sample10,17
uniq5393,sample1,17
uniq27727,sample3,17
uniq85,sample9,18
uniq1274,sample7,18
uniq1120,sample4,18
uniq3744,sample11,18
uniq212,sample4,18
uniq8240,sample6,18
uniq435,sample12,18
uniq63,sample11,18
uniq622,sample2,18
uniq263,sample3,18
uniq12495,sample14,18
uniq9922,sample10,18
uniq11152,sample10,18
uniq985,sample7,18
uniq2796,sample14,18
uniq10964,sample7,18
uniq99,sample14,18
uniq7880,sample11,18
uniq10479,sample8,18
uniq11383,sample2,18
uniq89,sample9,18
uniq5449,sample14,18
uniq10615,sample8,18
uniq92,sample9,18
uniq75,sample12,18
uniq11431,sample1,18
uniq181,sample14,18
uniq10922,sample3,18
uniq11815,sample7,18
uniq10926,sample7,18
uniq10939,sample2,18
uniq11021,sample7,18
uniq124,sample6,18
uniq6298,sample3,18
uniq7714,sample13,18
uniq2132,sample6,18
uniq12037,sample2,18
uniq11536,sample7,18
uniq10749,sample4,18
uniq10886,sample15,18
uniq11434,sample15,18
uniq5379,sample1,18
uniq8209,sample4,19
uniq9952,sample3,19
uniq10797,sample13,19
uniq258,sample3,19
uniq7111,sample11,19
uniq174,sample3,19
uniq881,sample1,19
uniq8591,sample7,19
uniq9937,sample8,19
uniq15890,sample11,19
uniq170,sample12,19
uniq8199,sample11,19
uniq10801,sample11,19
uniq11358,sample11,19
uniq27,sample7,19
uniq167,sample6,19
uniq7231,sample3,19
uniq1669,sample13,19
uniq40,sample7,19
uniq83,sample12,19
uniq238,sample7,19
uniq14993,sample4,19
uniq10813,sample13,19
uniq7261,sample6,19
uniq610,sample3,19
uniq3232,sample4,19
uniq10917,sample14,19
uniq5393,sample4,19
uniq3257,sample1,19
uniq7703,sample6,19
uniq9113,sample3,19
uniq9251,sample13,19
uniq43,sample12,20
uniq10053,sample10,20
uniq2011,sample11,20
uniq16020,sample9,20
uniq10240,sample10,20
uniq788,sample6,20
uniq8579,sample13,20
uniq593,sample2,20
uniq9823,sample5,20
uniq101,sample12,20
uniq1721,sample6,20
uniq136,sample4,20
uniq157,sample2,20
uniq9967,sample10,20
uniq69,sample2,20
uniq3666,sample11,20
uniq99,sample12,20
uniq171,sample10,20
uniq11115,sample11,20
uniq9855,sample8,20
uniq9872,sample2,20
uniq297,sample12,20
uniq3384,sample8,20
uniq106,sample15,20
uniq507,sample9,20
uniq230,sample3,20
uniq9849,sample9,20
uniq10327,sample11,20
uniq4200,sample15,20
uniq9945,sample11,20
uniq15275,sample2,20
uniq660,sample12,20
uniq10775,sample2,20
uniq7714,sample10,20
uniq10288,sample3,20
uniq9253,sample14,20
uniq9963,sample4,20
uniq10203,sample8,20
uniq9283,sample3,20
uniq5589,sample13,20
uniq119,sample14,21
uniq85,sample4,21
uniq195,sample3,21
uniq5670,sample11,21
uniq258,sample7,21
uniq212,sample9,21
uniq2658,sample6,21
uniq63,sample12,21
uniq101,sample15,21
uniq174,sample5,21
uniq174,sample9,21
uniq290,sample13,21
uniq10300,sample13,21
uniq10227,sample5,21
uniq9377,sample10,21
uniq3666,sample15,21
uniq89,sample2,21
uniq89,sample15,21
uniq192,sample10,21
uniq17888,sample11,21
uniq9408,sample11,21
uniq9798,sample11,21
uniq55,sample9,21
uniq92,sample2,21
uniq92,sample10,21
uniq9353,sample10,21
uniq208,sample6,21
uniq4468,sample10,21
uniq124,sample4,21
uniq124,sample8,21
uniq6298,sample8,21
uniq9765,sample13,21
uniq9969,sample14,21
uniq8258,sample4,21
uniq9675,sample5,21
uniq9621,sample14,21
uniq13071,sample12,22
uniq111,sample11,22
uniq282,sample4,22
uniq506,sample4,22
uniq1120,sample1,22
uniq2604,sample11,22
uniq8616,sample11,22
uniq95,sample15,22
uniq3974,sample4,22
uniq174,sample7,22
uniq4070,sample14,22
uniq3177,sample3,22
uniq845,sample8,22
uniq8964,sample14,22
uniq13559,sample3,22
uniq9255,sample13,22
uniq8628,sample10,22
uniq164,sample7,22
uniq27,sample10,22
uniq10954,sample3,22
uniq181,sample12,22
uniq1219,sample15,22
uniq9747,sample2,22
uniq2185,sample3,22
uniq3021,sample11,22
uniq375,sample14,22
uniq7622,sample3,22
uniq8646,sample14,22
uniq6845,sample4,22
uniq8809,sample13,22
uniq20764,sample4,22
uniq8435,sample5,22
uniq15068,sample14,22
uniq5589,sample5,22
uniq9852,sample2,22
uniq5379,sample7,22
uniq1184,sample13,23
uniq6176,sample4,23
uniq3498,sample5,23
uniq66,sample12,23
uniq881,sample7,23
uniq1299,sample13,23
uniq8988,sample8,23
uniq1613,sample7,23
uniq1841,sample3,23
uniq8439,sample3,23
uniq8643,sample2,23
uniq160,sample7,23
uniq92,sample6,23
uniq125,sample7,23
uniq1812,sample9,23
uniq208,sample12,23
uniq8448,sample9,23
uniq8256,sample14,23
uniq9128,sample13,23
uniq9430,sample10,23
uniq6958,sample3,23
uniq8054,sample8,23
uniq5840,sample5,23
uniq8470,sample5,23
uniq8720,sample1,23
uniq8563,sample13,23
uniq3257,sample13,23
uniq8514,sample14,23
uniq8281,sample8,24
uniq398,sample14,24
uniq4501,sample6,24
uniq7909,sample10,24
uniq8253,sample4,24
uniq8715,sample1,24
uniq6581,sample6,24
uniq407,sample8,24
uniq407,sample12,24
uniq593,sample1,24
uniq9955,sample5,24
uniq622,sample8,24
uniq2280,sample13,24
uniq1721,sample4,24
uniq845,sample7,24
uniq318,sample2,24
uniq1318,sample10,24
uniq7524,sample14,24
uniq2730,sample13,24
uniq90,sample1,24
uniq8106,sample7,24
uniq8714,sample8,24
uniq3440,sample7,24
uniq8158,sample1,24
uniq248,sample4,24
uniq898,sample15,24
uniq7898,sample7,24
uniq11648,sample2,24
uniq1806,sample4,24
uniq2602,sample7,24
uniq8984,sample6,24
uniq7254,sample15,24
uniq4599,sample3,25
uniq3517,sample7,25
uniq13397,sample11,25
uniq7721,sample3,25
uniq258,sample2,25
uniq258,sample11,25
uniq113,sample9,25
uniq756,sample4,25
uniq862,sample14,25
uniq263,sample11,25
uniq453,sample8,25
uniq5220,sample11,25
uniq8463,sample3,25
uniq808,sample7,25
uniq7820,sample15,25
uniq8105,sample11,25
uniq92,sample15,25
uniq8119,sample8,25
uniq163,sample7,25
uniq8206,sample14,25
uniq27,sample5,25
uniq629,sample11,25
uniq1979,sample2,25
uniq167,sample14,25
uniq6289,sample1,25
uniq7341,sample11,25
uniq1144,sample7,25
uniq660,sample4,25
uniq238,sample9,25
uniq6392,sample5,25
uniq2472,sample8,25
uniq3257,sample3,25
uniq4539,sample13,25
uniq9854,sample11,25
uniq8288,sample8,25
uniq5978,sample4,26
uniq111,sample14,26
uniq398,sample6,26
uniq4432,sample9,26
uniq113,sample15,26
uniq8717,sample13,26
uniq7799,sample5,26
uniq62,sample1,26
uniq62,sample9,26
uniq453,sample14,26
uniq1203,sample14,26
uniq542,sample10,26
uniq3801,sample10,26
uniq7520,sample2,26
uniq7694,sample6,26
uniq7874,sample7,26
uniq9098,sample13,26
uniq7655,sample14,26
uniq648,sample11,26
uniq5238,sample2,26
uniq4200,sample6,26
uniq9977,sample2,26
uniq7472,sample4,26
uniq7858,sample2,26
uniq8143,sample13,26
uniq124,sample7,26
uniq8352,sample4,26
uniq6982,sample3,26
uniq5421,sample2,26
uniq195,sample14,27
uniq6819,sample13,27
uniq7136,sample1,27
uniq788,sample13,27
uniq101,sample11,27
uniq3907,sample3,27
uniq10692,sample3,27
uniq9829,sample10,27
uniq7049,sample10,27
uniq7465,sample8,27
uniq7567,sample11,27
uniq107,sample11,27
uniq192,sample15,27
uniq6266,sample3,27
uniq7513,sample9,27
uniq7698,sample11,27
uniq6933,sample2,27
uniq7839,sample13,27
uniq375,sample4,27
uniq5695,sample1,27
uniq6888,sample5,27
uniq7494,sample2,27
uniq2472,sample3,27
uniq7528,sample2,27
uniq12860,sample7,27
uniq85,sample10,28
uniq363,sample10,28
uniq6225,sample14,28
uniq6591,sample5,28
uniq261,sample4,28
uniq1721,sample14,28
uniq318,sample12,28
uniq7050,sample7,28
uniq8605,sample15,28
uniq831,sample10,28
uniq7558,sample10,28
uniq7831,sample14,28
uniq6165,sample11,28
uniq898,sample2,28
uniq7345,sample14,28
uniq6812,sample10,28
uniq7152,sample14,28
uniq2185,sample6,28
uniq7379,sample4,28
uniq238,sample3,28
uniq6820,sample6,28
uniq5635,sample2,28
uniq7527,sample4,28
uniq4533,sample8,28
uniq6550,sample13,28
uniq12486,sample11,28
uniq333,sample11,29
uniq1234,sample13,29
uniq1234,sample15,29
uniq2673,sample1,29
uniq435,sample7,29
uniq4383,sample14,29
uniq239,sample3,29
uniq6097,sample11,29
uniq6944,sample2,29
uniq75,sample4,29
uniq181,sample11,29
uniq5798,sample2,29
uniq7145,sample2,29
uniq83,sample4,29
uniq537,sample6,29
uniq2364,sample8,29
uniq6937,sample3,29
uniq6223,sample8,30
uniq828,sample10,30
uniq7139,sample3,30
uniq3801,sample11,30
uniq9890,sample10,30
uniq89,sample10,30
uniq6586,sample15,30
uniq7329,sample11,30
uniq59,sample13,30
uniq3708,sample9,30
uniq6748,sample15,30
uniq6091,sample7,30
uniq11440,sample2,30
uniq5939,sample8,30
uniq6945,sample8,30
uniq2088,sample1,30
uniq5245,sample5,30
uniq6801,sample13,30
uniq828,sample8,31
uniq6369,sample10,31
uniq4983,sample2,31
uniq5856,sample11,31
uniq6374,sample10,31
uniq258,sample12,31
uniq212,sample2,31
uniq6581,sample14,31
uniq5973,sample6,31
uniq1613,sample8,31
uniq6638,sample10,31
uniq15059,sample10,31
uniq6943,sample2,31
uniq6644,sample11,31
uniq6410,sample7,31
uniq75,sample5,31
uniq208,sample9,31
uniq6896,sample3,31
uniq8650,sample3,31
uniq529,sample2,31
uniq1547,sample7,31
uniq876,sample9,31
uniq1219,sample6,31
uniq512,sample6,31
uniq6096,sample6,31
uniq6901,sample15,31
uniq5221,sample13,31
uniq6562,sample2,31
uniq6884,sample1,31
uniq3849,sample2,31
uniq6466,sample4,31
uniq6358,sample11,31
uniq6653,sample14,31
uniq111,sample3,32
uniq35,sample4,32
uniq261,sample3,32
uniq6240,sample14,32
uniq6432,sample11,32
uniq1414,sample15,32
uniq6871,sample2,32
uniq83,sample3,32
uniq2602,sample3,32
uniq238,sample8,32
uniq2132,sample1,32
uniq6770,sample2,32
uniq2364,sample13,32
uniq43,sample13,33
uniq60,sample9,33
uniq111,sample12,33
uniq750,sample13,33
uniq2011,sample5,33
uniq3721,sample6,33
uniq212,sample10,33
uniq4765,sample13,33
uniq4199,sample5,33
uniq62,sample12,33
uniq62,sample15,33
uniq101,sample2,33
uniq5837,sample7,33
uniq543,sample8,33
uniq171,sample3,33
uniq6238,sample15,33
uniq6445,sample11,33
uniq3420,sample3,33
uniq6493,sample11,33
uniq6314,sample7,33
uniq1414,sample7,33
uniq40,sample3,33
uniq660,sample8,33
uniq356,sample5,33
uniq5932,sample4,33
uniq6473,sample14,33
uniq6022,sample13,33
uniq6046,sample4,33
uniq4353,sample12,33
uniq5959,sample13,33
uniq6228,sample6,33
uniq837,sample2,34
uniq282,sample5,34
uniq1274,sample8,34
uniq4568,sample6,34
uniq113,sample5,34
uniq2029,sample11,34
uniq6321,sample13,34
uniq1335,sample6,34
uniq2175,sample11,34
uniq99,sample8,34
uniq5321,sample10,34
uniq4200,sample11,34
uniq3957,sample2,34
uniq36,sample8,34
uniq6293,sample7,34
uniq1806,sample8,34
uniq119,sample2,35
uniq111,sample13,35
uniq5806,sample2,35
uniq95,sample7,35
uniq101,sample9,35
uniq493,sample10,35
uniq453,sample7,35
uniq5765,sample14,35
uniq5958,sample10,35
uniq5531,sample10,35
uniq7099,sample11,35
uniq75,sample6,35
uniq5487,sample15,35
uniq6156,sample13,35
uniq5739,sample14,35
uniq4265,sample2,35
uniq13580,sample3,35
uniq85,sample15,36
uniq113,sample2,36
uniq6355,sample13,36
uniq881,sample10,36
uniq1913,sample7,36
uniq5655,sample10,36
uniq3641,sample15,36
uniq5957,sample15,36
uniq5449,sample8,36
uniq59,sample8,36
uniq3957,sample7,36
uniq36,sample12,36
uniq7072,sample2,36
uniq83,sample5,36
uniq238,sample6,36
uniq282,sample10,37
uniq398,sample5,37
uniq3736,sample7,37
uniq5281,sample14,37
uniq290,sample1,37
uniq881,sample6,37
uniq263,sample12,37
uniq69,sample15,37
uniq5239,sample10,37
uniq5703,sample14,37
uniq2274,sample10,37
uniq5425,sample8,37
uniq55,sample10,37
uniq529,sample6,37
uniq5935,sample10,37
uniq5471,sample11,37
uniq36,sample7,37
uniq5536,sample13,37
uniq5597,sample10,37
uniq5945,sample4,37
uniq5421,sample7,37
uniq5544,sample3,38
uniq407,sample1,38
uniq5167,sample13,38
uniq756,sample14,38
uniq5431,sample10,38
uniq5526,sample3,38
uniq5070,sample13,38
uniq5127,sample10,38
uniq4428,sample3,38
uniq4988,sample6,38
uniq59,sample5,38
uniq9230,sample15,38
uniq1715,sample5,38
uniq4079,sample14,38
uniq1641,sample1,38
uniq5163,sample1,38
uniq1128,sample7,38
uniq1440,sample13,39
uniq5158,sample1,39
uniq60,sample1,39
uniq1234,sample10,39
uniq1234,sample11,39
uniq2604,sample13,39
uniq4834,sample8,39
uniq2315,sample3,39
uniq622,sample10,39
uniq1841,sample7,39
uniq4613,sample15,39
uniq39,sample2,39
uniq5560,sample11,39
uniq898,sample14,39
uniq3708,sample10,39
uniq1847,sample8,39
uniq3021,sample2,39
uniq5059,sample3,39
uniq4963,sample10,40
uniq6176,sample13,40
uniq756,sample1,40
uniq4483,sample2,40
uniq5140,sample3,40
uniq4884,sample14,40
uniq1921,sample3,40
uniq5525,sample11,40
uniq4997,sample11,40
uniq4839,sample3,40
uniq59,sample6,40
uniq4846,sample7,40
uniq3849,sample10,40
uniq1128,sample8,40
uniq3689,sample13,41
uniq7989,sample13,41
uniq1613,sample2,41
uniq69,sample10,41
uniq5545,sample11,41
uniq5072,sample13,41
uniq821,sample8,41
uniq4768,sample7,41
uniq3849,sample4,41
uniq363,sample3,42
uniq4809,sample3,42
uniq788,sample9,42
uniq756,sample6,42
uniq2231,sample1,42
uniq8498,sample7,42
uniq7480,sample10,42
uniq310,sample3,42
uniq4816,sample15,42
uniq39,sample3,42
uniq55,sample2,42
uniq286,sample14,42
uniq4626,sample12,42
uniq5446,sample5,42
uniq2461,sample4,42
uniq172,sample12,43
uniq788,sample8,43
uniq62,sample8,43
uniq136,sample12,43
uniq4728,sample8,43
uniq507,sample8,43
uniq5341,sample11,43
uniq8946,sample4,43
uniq1128,sample10,43
uniq4770,sample13,43
uniq195,sample4,44
uniq1690,sample6,44
uniq63,sample3,44
uniq174,sample10,44
uniq732,sample4,44
uniq2426,sample14,44
uniq1298,sample10,44
uniq192,sample12,44
uniq4552,sample11,44
uniq75,sample3,44
uniq2505,sample2,44
uniq4601,sample11,44
uniq238,sample4,44
uniq4663,sample10,44
uniq113,sample4,45
uniq970,sample11,45
uniq407,sample14,45
uniq290,sample10,45
uniq732,sample13,45
uniq263,sample6,45
uniq5486,sample11,45
uniq4750,sample7,45
uniq92,sample12,45
uniq4615,sample7,45
uniq4502,sample9,45
uniq4497,sample10,45
uniq4572,sample10,45
uniq4089,sample11,45
uniq7081,sample2,45
uniq333,sample6,46
uniq1120,sample5,46
uniq970,sample8,46
uniq261,sample10,46
uniq6297,sample14,46
uniq90,sample4,46
uniq4267,sample15,46
uniq388,sample8,46
uniq3828,sample3,46
uniq825,sample7,46
uniq4577,sample7,46
uniq1128,sample12,46
uniq4017,sample13,46
uniq8446,sample15,47
uniq282,sample9,47
uniq4494,sample10,47
uniq95,sample3,47
uniq2658,sample7,47
uniq862,sample13,47
uniq453,sample6,47
uniq310,sample6,47
uniq2302,sample7,47
uniq4363,sample6,47
uniq4467,sample15,47
uniq89,sample12,47
uniq2509,sample1,47
uniq83,sample6,47
uniq356,sample3,47
uniq4295,sample14,47
uniq4521,sample7,47
uniq43,sample2,48
uniq1120,sample2,48
uniq3072,sample8,48
uniq172,sample4,48
uniq2315,sample8,48
uniq1539,sample14,48
uniq2426,sample11,48
uniq4490,sample11,48
uniq170,sample13,48
uniq831,sample11,48
uniq2557,sample4,48
uniq828,sample2,49
uniq4099,sample6,49
uniq4026,sample13,49
uniq811,sample8,49
uniq4249,sample7,49
uniq4268,sample11,49
uniq401,sample10,49
uniq831,sample6,49
uniq806,sample10,49
uniq3373,sample10,49
uniq2088,sample4,49
uniq3338,sample13,49
uniq5780,sample7,49
uniq828,sample15,50
uniq333,sample3,50
uniq282,sample3,50
uniq398,sample10,50
uniq4049,sample11,50
uniq35,sample2,50
uniq2029,sample13,50
uniq101,sample8,50
uniq136,sample5,50
uniq4383,sample8,50
uniq4132,sample11,50
uniq4259,sample11,50
uniq4382,sample11,50
uniq3999,sample10,50
uniq2724,sample10,50
uniq4018,sample13,50
uniq3493,sample11,51
uniq1632,sample10,51
uniq1632,sample11,51
uniq174,sample1,51
uniq845,sample14,51
uniq4108,sample7,51
uniq3664,sample2,51
uniq7072,sample5,51
uniq4109,sample14,51
uniq333,sample7,52
uniq5320,sample14,52
uniq4197,sample11,52
uniq136,sample1,52
uniq4454,sample14,52
uniq1921,sample14,52
uniq401,sample13,52
uniq3355,sample6,52
uniq3906,sample12,53
uniq60,sample15,53
uniq3986,sample8,53
uniq4047,sample1,53
uniq3990,sample6,53
uniq66,sample15,53
uniq2741,sample5,53
uniq99,sample6,53
uniq4103,sample11,53
uniq14,sample12,53
uniq4095,sample8,53
uniq3800,sample6,53
uniq333,sample14,54
uniq1234,sample3,54
uniq62,sample10,54
uniq101,sample10,54
uniq811,sample7,54
uniq90,sample9,54
uniq99,sample3,54
uniq3420,sample11,54
uniq2901,sample5,54
uniq3949,sample7,54
uniq3433,sample2,54
uniq1688,sample8,55
uniq3029,sample5,55
uniq63,sample2,55
uniq3863,sample14,55
uniq4040,sample10,55
uniq3641,sample11,55
uniq3867,sample11,55
uniq3979,sample11,55
uniq5479,sample10,55
uniq1106,sample14,55
uniq1414,sample11,55
uniq1737,sample15,55
uniq610,sample6,55
uniq85,sample12,56
uniq282,sample1,56
uniq3982,sample8,56
uniq62,sample3,56
uniq732,sample11,56
uniq3829,sample1,56
uniq90,sample10,56
uniq388,sample11,56
uniq3973,sample9,56
uniq629,sample7,56
uniq3710,sample10,56
uniq36,sample3,56
uniq1737,sample5,56
uniq2185,sample2,56
uniq837,sample11,57
uniq3729,sample8,57
uniq35,sample6,57
uniq625,sample13,57
uniq290,sample6,57
uniq3772,sample14,57
uniq3448,sample15,57
uniq3408,sample11,57
uniq3471,sample8,57
uniq55,sample15,57
uniq3573,sample6,57
uniq22,sample9,57
uniq3537,sample3,57
uniq1263,sample10,57
uniq375,sample8,57
uniq3727,sample1,57
uniq788,sample2,58
uniq3515,sample10,58
uniq3750,sample11,58
uniq1847,sample2,58
uniq1142,sample7,58
uniq2364,sample5,58
uniq3618,sample12,58
uniq43,sample7,59
uniq95,sample5,59
uniq39,sample9,59
uniq3751,sample14,59
uniq59,sample7,59
uniq3320,sample11,60
uniq3133,sample8,60
uniq1715,sample13,60
uniq3429,sample11,60
uniq1128,sample5,60
uniq3517,sample3,61
uniq174,sample13,61
uniq4383,sample3,61
uniq1479,sample3,61
uniq111,sample15,62
uniq3486,sample10,62
uniq3326,sample15,62
uniq90,sample5,62
uniq3168,sample11,62
uniq39,sample10,62
uniq3364,sample11,62
uniq825,sample15,62
uniq282,sample2,63
uniq2658,sample14,63
uniq2508,sample12,63
uniq3328,sample11,63
uniq36,sample1,63
uniq3229,sample7,63
uniq3239,sample1,64
uniq172,sample7,64
uniq3609,sample13,64
uniq3146,sample6,64
uniq2505,sample6,64
uniq6239,sample12,64
uniq537,sample3,64
uniq3367,sample1,64
uniq3253,sample7,64
uniq63,sample15,65
uniq66,sample2,65
uniq318,sample6,65
uniq5543,sample7,65
uniq3266,sample11,65
uniq149,sample7,65
uniq3000,sample10,65
uniq174,sample8,66
uniq1299,sample11,66
uniq732,sample5,66
uniq1479,sample9,66
uniq3050,sample11,66
uniq3055,sample15,66
uniq2557,sample3,66
uniq3406,sample14,66
uniq2746,sample6,67
uniq195,sample5,67
uniq862,sample11,67
uniq1913,sample11,68
uniq3170,sample14,68
uniq4605,sample11,68
uniq3197,sample11,68
uniq2890,sample1,68
uniq593,sample6,69
uniq101,sample5,69
uniq261,sample6,69
uniq2804,sample10,69
uniq2666,sample7,69
uniq11,sample12,69
uniq1142,sample14,69
uniq1128,sample11,69
uniq282,sample8,70
uniq3025,sample11,70
uniq113,sample8,70
uniq66,sample11,70
uniq453,sample3,70
uniq370,sample7,70
uniq238,sample5,70
uniq5780,sample6,70
uniq43,sample9,71
uniq2934,sample11,71
uniq2780,sample10,71
uniq2823,sample2,71
uniq2879,sample1,71
uniq993,sample14,72
uniq2274,sample14,72
uniq11,sample15,72
uniq1440,sample11,73
uniq282,sample14,73
uniq62,sample7,73
uniq261,sample1,73
uniq786,sample14,73
uniq2880,sample7,73
uniq2796,sample10,73
uniq895,sample6,73
uniq3010,sample11,73
uniq4717,sample7,73
uniq1547,sample9,73
uniq36,sample2,73
uniq2986,sample2,74
uniq107,sample5,74
uniq2852,sample11,74
uniq111,sample10,75
uniq1184,sample5,75
uniq2838,sample6,75
uniq55,sample12,75
uniq2816,sample3,75
uniq2910,sample15,75
uniq808,sample8,76
uniq170,sample8,76
uniq149,sample11,76
uniq529,sample7,76
uniq2461,sample6,76
uniq811,sample14,77
uniq2651,sample11,77
uniq2919,sample7,77
uniq35,sample13,78
uniq258,sample6,78
uniq2036,sample1,78
uniq63,sample8,78
uniq101,sample3,78
uniq895,sample15,78
uniq398,sample2,79
uniq2656,sample7,79
uniq35,sample11,79
uniq261,sample13,79
uniq136,sample6,79
uniq985,sample3,79
uniq2552,sample13,79
uniq2667,sample11,79
uniq3836,sample2,79
uniq2516,sample5,80
uniq1287,sample5,80
uniq63,sample9,81
uniq2580,sample14,81
uniq5039,sample14,81
uniq8,sample1,82
uniq258,sample4,82
uniq2607,sample2,82
uniq2639,sample11,82
uniq1856,sample10,82
uniq2532,sample10,82
uniq27,sample15,82
uniq2558,sample4,82
uniq837,sample7,83
uniq95,sample9,83
uniq1941,sample1,83
uniq43,sample14,84
uniq60,sample3,84
uniq85,sample5,84
uniq2280,sample14,84
uniq1641,sample14,84
uniq831,sample13,85
uniq2509,sample7,85
uniq35,sample7,86
uniq66,sample3,86
uniq2352,sample11,86
uniq1669,sample2,86
uniq610,sample8,86
uniq111,sample8,87
uniq2288,sample14,87
uniq2506,sample10,87
uniq2437,sample14,87
uniq1142,sample1,87
uniq258,sample5,88
uniq622,sample14,88
uniq2365,sample13,89
uniq66,sample5,89
uniq2305,sample3,89
uniq22,sample5,89
uniq27,sample14,89
uniq2310,sample6,89
uniq1299,sample14,90
uniq1335,sample14,90
uniq985,sample14,90
uniq2169,sample7,90
uniq2315,sample6,91
uniq2241,sample3,91
uniq529,sample1,91
uniq14,sample7,91
uniq2472,sample1,91
uniq994,sample4,92
uniq593,sample7,92
uniq24,sample12,92
uniq845,sample1,92
uniq2302,sample11,92
uniq2254,sample11,92
uniq124,sample14,92
uniq1142,sample13,92
uniq2392,sample13,93
uniq493,sample6,93
uniq513,sample7,93
uniq1552,sample5,93
uniq66,sample9,94
uniq263,sample8,94
uniq970,sample3,95
uniq2102,sample10,95
uniq2034,sample7,95
uniq35,sample15,96
uniq258,sample13,96
uniq174,sample4,96
uniq1539,sample3,96
uniq2206,sample14,96
uniq6605,sample3,96
uniq593,sample14,97
uniq24,sample11,97
uniq35,sample1,98
uniq488,sample3,98
uniq238,sample2,98
uniq238,sample14,98
uniq3921,sample4,98
uniq610,sample13,98
uniq2059,sample12,99
uniq282,sample6,100
uniq788,sample14,100
uniq99,sample1,100
uniq18,sample11,100
uniq1979,sample3,100
uniq1106,sample1,100
uniq11,sample7,100
uniq1128,sample15,100
uniq453,sample13,101
uniq2148,sample2,101
uniq1552,sample4,101
uniq786,sample6,103
uniq2281,sample4,103
uniq1912,sample11,104
uniq898,sample10,104
uniq375,sample1,104
uniq85,sample8,105
uniq62,sample5,105
uniq261,sample8,105
uniq290,sample4,105
uniq398,sample11,106
uniq253,sample3,106
uniq2209,sample1,106
uniq825,sample11,106
uniq1953,sample11,106
uniq881,sample14,107
uniq357,sample14,107
uniq401,sample11,107
uniq1959,sample11,107
uniq111,sample6,108
uniq1829,sample14,108
uniq1895,sample11,108
uniq24,sample15,109
uniq99,sample7,109
uniq172,sample9,110
uniq1697,sample7,110
uniq318,sample7,110
uniq1746,sample11,110
uniq1769,sample11,110
uniq736,sample7,110
uniq1850,sample15,110
uniq24,sample9,111
uniq322,sample15,111
uniq736,sample1,111
uniq2364,sample14,111
uniq4023,sample10,112
uniq426,sample6,112
uniq1838,sample11,112
uniq113,sample10,113
uniq95,sample4,113
uniq1766,sample14,113
uniq1795,sample7,113
uniq113,sample7,114
uniq1796,sample1,114
uniq198,sample3,114
uniq1602,sample5,114
uniq1823,sample6,115
uniq1203,sample1,115
uniq1800,sample3,115
uniq1726,sample14,116
uniq69,sample12,117
uniq22,sample13,117
uniq737,sample14,117
uniq1725,sample1,118
uniq388,sample6,118
uniq1659,sample11,118
uniq1685,sample13,118
uniq2612,sample6,118
uniq1770,sample6,118
uniq572,sample1,120
uniq1690,sample2,121
uniq1318,sample3,121
uniq1619,sample14,122
uniq808,sample6,122
uniq1665,sample11,122
uniq22,sample8,122
uniq1513,sample15,122
uniq1624,sample3,122
uniq454,sample10,122
uniq43,sample10,123
uniq1568,sample12,123
uniq581,sample14,125
uniq1579,sample11,125
uniq1144,sample3,125
uniq85,sample3,126
uniq172,sample8,126
uniq1500,sample7,126
uniq1806,sample2,126
uniq239,sample14,127
uniq113,sample13,128
uniq529,sample14,128
uniq2788,sample7,129
uniq8,sample2,130
uniq1903,sample14,130
uniq256,sample7,130
uniq1418,sample6,130
uniq1437,sample7,130
uniq1517,sample13,130
uniq750,sample5,131
uniq1482,sample11,132
uniq22,sample6,135
uniq1365,sample2,135
uniq63,sample10,136
uniq101,sample1,136
uniq1397,sample11,136
uniq625,sample5,137
uniq39,sample12,137
uniq1429,sample14,137
uniq994,sample9,139
uniq95,sample14,139
uniq493,sample14,139
uniq1377,sample11,139
uniq1274,sample5,140
uniq2773,sample10,140
uniq11,sample3,140
uniq66,sample8,141
uniq855,sample11,141
uniq1330,sample14,141
uniq1435,sample3,141
uniq363,sample13,142
uniq95,sample1,142
uniq1298,sample11,142
uniq1356,sample6,142
uniq101,sample7,144
uniq1841,sample14,144
uniq107,sample7,144
uniq18,sample4,145
uniq356,sample4,145
uniq1093,sample13,148
uniq99,sample2,148
uniq261,sample14,149
uniq1160,sample7,149
uniq1260,sample5,151
uniq95,sample8,151
uniq1271,sample6,151
uniq398,sample13,152
uniq1258,sample12,152
uniq39,sample6,153
uniq1278,sample11,153
uniq101,sample4,154
uniq1812,sample1,154
uniq113,sample14,155
uniq258,sample14,156
uniq24,sample2,156
uniq39,sample8,156
uniq397,sample11,157
uniq318,sample8,157
uniq1168,sample7,159
uniq1230,sample1,160
uniq5,sample12,163
uniq1148,sample6,164
uniq401,sample15,164
uniq876,sample15,164
uniq1709,sample11,165
uniq806,sample8,165
uniq1109,sample6,165
uniq2046,sample3,166
uniq172,sample2,166
uniq69,sample3,167
uniq1125,sample14,167
uniq14,sample3,167
uniq1016,sample11,168
uniq1091,sample14,168
uniq1138,sample11,168
uniq1038,sample13,169
uniq454,sample2,169
uniq90,sample3,170
uniq149,sample9,170
uniq925,sample2,171
uniq1309,sample11,171
uniq18,sample5,171
uniq1300,sample11,172
uniq43,sample1,173
uniq821,sample11,173
uniq2132,sample4,173
uniq1030,sample7,174
uniq24,sample10,176
uniq388,sample15,176
uniq1521,sample6,176
uniq66,sample7,177
uniq1064,sample6,178
uniq1012,sample3,179
uniq66,sample10,180
uniq488,sample15,184
uniq333,sample2,185
uniq950,sample7,185
uniq407,sample13,186
uniq174,sample6,186
uniq629,sample8,186
uniq24,sample8,187
uniq69,sample8,187
uniq945,sample11,187
uniq14,sample8,187
uniq910,sample10,188
uniq944,sample9,188
uniq537,sample4,189
uniq113,sample3,190
uniq735,sample13,190
uniq921,sample15,190
uniq172,sample14,191
uniq889,sample9,196
uniq60,sample6,199
uniq363,sample11,199
uniq14,sample1,199
uniq136,sample8,200
uniq867,sample3,200
uniq813,sample10,200
uniq870,sample11,202
uniq11,sample8,202
uniq784,sample14,203
uniq397,sample3,204
uniq24,sample3,204
uniq849,sample2,206
uniq107,sample10,207
uniq35,sample14,208
uniq172,sample1,210
uniq2539,sample3,210
uniq238,sample1,210
uniq660,sample2,212
uniq22,sample7,213
uniq27,sample2,213
uniq807,sample7,214
uniq1263,sample11,217
uniq488,sample11,218
uniq797,sample11,218
uniq357,sample10,219
uniq63,sample5,220
uniq810,sample6,222
uniq10,sample1,226
uniq775,sample3,227
uniq357,sample6,230
uniq513,sample14,230
uniq11,sample1,230
uniq648,sample10,231
uniq63,sample7,234
uniq101,sample13,235
uniq18,sample15,235
uniq720,sample11,239
uniq737,sample7,239
uniq24,sample7,240
uniq14,sample2,240
uniq290,sample14,241
uniq5,sample7,241
uniq256,sample14,242
uniq890,sample10,242
uniq136,sample2,243
uniq698,sample10,244
uniq426,sample13,246
uniq641,sample11,253
uniq507,sample1,255
uniq286,sample2,255
uniq543,sample15,256
uniq649,sample1,257
uniq99,sample15,257
uniq136,sample7,258
uniq107,sample8,261
uniq43,sample5,266
uniq624,sample3,266
uniq35,sample12,268
uniq611,sample1,269
uniq1219,sample11,269
uniq43,sample4,270
uniq506,sample13,270
uniq124,sample1,273
uniq286,sample1,274
uniq1572,sample3,279
uniq542,sample13,280
uniq256,sample3,280
uniq248,sample3,281
uniq1327,sample13,282
uniq581,sample3,282
uniq43,sample11,286
uniq586,sample3,286
uniq66,sample1,288
uniq11,sample2,291
uniq85,sample1,296
uniq95,sample12,297
uniq536,sample14,297
uniq540,sample7,299
uniq111,sample7,300
uniq136,sample14,300
uniq558,sample6,300
uniq90,sample12,301
uniq208,sample11,301
uniq567,sample1,304
uniq928,sample7,311
uniq660,sample13,311
uniq375,sample2,312
uniq333,sample8,314
uniq527,sample11,314
uniq512,sample15,314
uniq212,sample7,315
uniq63,sample1,318
uniq517,sample3,319
uniq498,sample10,321
uniq18,sample2,326
uniq318,sample14,327
uniq486,sample14,328
uniq491,sample12,330
uniq85,sample7,333
uniq149,sample3,333
uniq449,sample6,335
uniq85,sample6,340
uniq473,sample7,342
uniq470,sample11,343
uniq356,sample2,348
uniq212,sample14,352
uniq448,sample7,353
uniq107,sample2,356
uniq444,sample1,358
uniq370,sample3,358
uniq443,sample7,359
uniq39,sample15,362
uniq8,sample3,364
uniq85,sample2,364
uniq66,sample4,366
uniq433,sample7,366
uniq174,sample14,368
uniq263,sample13,370
uniq431,sample1,370
uniq440,sample6,372
uniq430,sample1,376
uniq414,sample11,380
uniq322,sample3,386
uniq751,sample3,387
uniq454,sample7,389
uniq62,sample6,395
uniq39,sample13,396
uniq18,sample7,404
uniq62,sample13,406
uniq385,sample10,409
uniq5,sample3,409
uniq386,sample7,414
uniq380,sample1,422
uniq310,sample7,437
uniq365,sample1,437
uniq107,sample15,442
uniq461,sample11,447
uniq636,sample11,464
uniq149,sample8,468
uniq85,sample14,470
uniq63,sample13,470
uniq435,sample11,473
uniq101,sample14,477
uniq338,sample10,477
uniq212,sample6,479
uniq10,sample15,489
uniq5,sample8,494
uniq24,sample5,496
uniq606,sample11,498
uniq85,sample13,502
uniq248,sample8,506
uniq317,sample3,512
uniq555,sample15,513
uniq66,sample13,520
uniq60,sample13,523
uniq101,sample6,526
uniq63,sample6,528
uniq377,sample9,530
uniq572,sample7,535
uniq253,sample7,536
uniq297,sample11,539
uniq90,sample2,560
uniq289,sample1,566
uniq90,sample6,574
uniq90,sample15,574
uniq288,sample6,581
uniq113,sample1,585
uniq66,sample6,585
uniq284,sample8,588
uniq5,sample1,597
uniq239,sample10,652
uniq236,sample6,685
uniq230,sample13,685
uniq195,sample13,698
uniq43,sample15,703
uniq8,sample9,725
uniq198,sample1,734
uniq63,sample14,749
uniq5,sample2,752
uniq24,sample1,775
uniq27,sample8,786
uniq111,sample5,818
uniq170,sample11,827
uniq8,sample14,833
uniq24,sample13,861
uniq8,sample15,863
uniq197,sample1,863
uniq63,sample4,876
uniq8,sample12,882
uniq181,sample10,909
uniq171,sample14,924
uniq167,sample7,939
uniq113,sample6,940
uniq177,sample6,960
uniq10,sample9,968
uniq95,sample13,979
uniq27,sample13,992
uniq163,sample6,1035
uniq164,sample6,1048
uniq160,sample6,1052
uniq99,sample11,1094
uniq208,sample7,1121
uniq10,sample2,1131
uniq10,sample5,1162
uniq10,sample12,1179
uniq10,sample7,1192
uniq124,sample2,1215
uniq66,sample14,1243
uniq90,sample8,1279
uniq125,sample6,1332
uniq119,sample1,1378
uniq10,sample11,1385
uniq62,sample14,1386
uniq131,sample1,1463
uniq90,sample7,1514
uniq107,sample6,1515
uniq8,sample5,1521
uniq35,sample3,1555
uniq10,sample6,1581
uniq10,sample14,1602
uniq106,sample3,1634
uniq62,sample4,1637
uniq10,sample8,1752
uniq24,sample6,1941
uniq192,sample11,1967
uniq24,sample4,2016
uniq92,sample11,2046
uniq8,sample4,2050
uniq90,sample11,2083
uniq8,sample7,2093
uniq8,sample11,2093
uniq89,sample11,2099
uniq83,sample7,2146
uniq69,sample11,2224
uniq75,sample7,2349
uniq24,sample14,2394
uniq43,sample6,2526
uniq60,sample14,2539
uniq8,sample8,2659
uniq8,sample10,2686
uniq10,sample10,2751
uniq8,sample6,2861
uniq27,sample3,2994
uniq10,sample3,3084
uniq35,sample8,3194
uniq59,sample4,3314
uniq8,sample13,3563
uniq55,sample11,3581
uniq39,sample11,3842
uniq27,sample1,3947
uniq10,sample13,8886
uniq22,sample4,9369
uniq10,sample4,14905
uniq18,sample6,16489