otuID,kingdom,phylum,class
uniq15918,Eukaryota,Annelida,Polychaeta
uniq837,Eukaryota,Annelida,Polychaeta
uniq1440,Eukaryota,Annelida,Polychaeta
uniq4963,Eukaryota,Annelida,Polychaeta
uniq6976,Eukaryota,Annelida,Polychaeta
uniq33842,Eukaryota,Annelida,Polychaeta
uniq3906,Eukaryota,Annelida,Polychaeta
uniq8446,Eukaryota,Annelida,Polychaeta
uniq5405,Eukaryota,Annelida,Polychaeta
uniq17257,Eukaryota,Annelida,Polychaeta
uniq17368,Eukaryota,Annelida,Polychaeta
uniq23134,Eukaryota,Annelida,Polychaeta
uniq26846,Eukaryota,Annelida,Polychaeta
uniq1619,Eukaryota,Annelida,Polychaeta
uniq4982,Eukaryota,Annelida,Polychaeta
uniq1148,Eukaryota,Annelida,Polychaeta
uniq30424,Eukaryota,Annelida,Polychaeta
uniq45096,Eukaryota,Annelida,Polychaeta
uniq33801,Eukaryota,Annelida,Polychaeta
uniq994,Eukaryota,Annelida,Polychaeta
uniq35913,Eukaryota,Annelida,Polychaeta
uniq289,Eukaryota,Annelida,Polychaeta
uniq14817,Eukaryota,Annelida,Polychaeta
uniq29350,Eukaryota,Annelida,Polychaeta
uniq3729,Eukaryota,Annelida,Polychaeta
uniq24847,Eukaryota,Annelida,Polychaeta
uniq5978,Eukaryota,Annelida,Polychaeta
uniq15985,Eukaryota,Annelida,Polychaeta
uniq13071,Eukaryota,Annelida,Polychaeta
uniq131,Eukaryota,Annelida,Polychaeta
uniq119,Eukaryota,Annelida,Polychaeta
uniq2746,Eukaryota,Annelida,Polychaeta
uniq7536,Eukaryota,Annelida,Polychaeta
uniq6785,Eukaryota,Annelida,Polychaeta
uniq5158,Eukaryota,Annelida,Polychaeta
uniq6223,Eukaryota,Annelida,Polychaeta
uniq8281,Eukaryota,Annelida,Polychaeta
uniq9557,Eukaryota,Annelida,Polychaeta
uniq16688,Eukaryota,Annelida,Polychaeta
uniq37405,Eukaryota,Annelida,Polychaeta
uniq41022,Eukaryota,Annelida,Polychaeta
uniq43635,Eukaryota,Annelida,Polychaeta
uniq47611,Eukaryota,Annelida,Polychaeta
uniq2046,Eukaryota,Annelida,Polychaeta
uniq11825,Eukaryota,Annelida,Polychaeta
uniq24142,Eukaryota,Annelida,Polychaeta
uniq4599,Eukaryota,Annelida,Polychaeta
uniq33344,Eukaryota,Annelida,Polychaeta
uniq2365,Eukaryota,Annelida,Polychaeta
uniq2059,Eukaryota,Annelida,Polychaeta
uniq3493,Eukaryota,Annelida,Polychaeta
uniq8209,Eukaryota,Annelida,Polychaeta
uniq43,Eukaryota,Annelida,Annelida
uniq10053,Eukaryota,Arthropoda,Arthropoda
uniq14874,Eukaryota,Arthropoda,Arthropoda
uniq1688,Eukaryota,Arthropoda,Arthropoda
uniq21057,Eukaryota,Arthropoda,Arthropoda
uniq34077,Eukaryota,Arthropoda,Arthropoda
uniq828,Eukaryota,Arthropoda,Arthropoda
uniq10,Eukaryota,Arthropoda,Arthropoda
uniq8,Eukaryota,Arthropoda,Arthropoda
uniq60,Eukaryota,Arthropoda,Arthropoda
uniq85,Eukaryota,Arthropoda,Arthropoda
uniq111,Eukaryota,Arthropoda,Arthropoda
uniq195,Eukaryota,Arthropoda,Arthropoda
uniq333,Eukaryota,Arthropoda,Arthropoda
uniq282,Eukaryota,Arthropoda,Arthropoda
uniq398,Eukaryota,Arthropoda,Arthropoda
uniq363,Eukaryota,Arthropoda,Arthropoda
uniq751,Eukaryota,Arthropoda,Arthropoda
uniq430,Eukaryota,Arthropoda,Arthropoda
uniq440,Eukaryota,Arthropoda,Arthropoda
uniq444,Eukaryota,Arthropoda,Arthropoda
uniq498,Eukaryota,Arthropoda,Arthropoda
uniq506,Eukaryota,Arthropoda,Arthropoda
uniq1327,Eukaryota,Arthropoda,Arthropoda
uniq611,Eukaryota,Arthropoda,Arthropoda
uniq750,Eukaryota,Arthropoda,Arthropoda
uniq649,Eukaryota,Arthropoda,Arthropoda
uniq1274,Eukaryota,Arthropoda,Arthropoda
uniq925,Eukaryota,Arthropoda,Arthropoda
uniq1234,Eukaryota,Arthropoda,Arthropoda
uniq1038,Eukaryota,Arthropoda,Arthropoda
uniq1064,Eukaryota,Arthropoda,Arthropoda
uniq1093,Eukaryota,Arthropoda,Arthropoda
uniq1120,Eukaryota,Arthropoda,Arthropoda
uniq1690,Eukaryota,Arthropoda,Arthropoda
uniq1184,Eukaryota,Arthropoda,Arthropoda
uniq1260,Eukaryota,Arthropoda,Arthropoda
uniq2773,Eukaryota,Arthropoda,Arthropoda
uniq1725,Eukaryota,Arthropoda,Arthropoda
uniq2011,Eukaryota,Arthropoda,Arthropoda
uniq2288,Eukaryota,Arthropoda,Arthropoda
uniq3517,Eukaryota,Arthropoda,Arthropoda
uniq2604,Eukaryota,Arthropoda,Arthropoda
uniq3029,Eukaryota,Arthropoda,Arthropoda
uniq2656,Eukaryota,Arthropoda,Arthropoda
uniq6176,Eukaryota,Arthropoda,Arthropoda
uniq3025,Eukaryota,Arthropoda,Arthropoda
uniq6485,Eukaryota,Arthropoda,Arthropoda
uniq3239,Eukaryota,Arthropoda,Arthropoda
uniq3320,Eukaryota,Arthropoda,Arthropoda
uniq3486,Eukaryota,Arthropoda,Arthropoda
uniq3498,Eukaryota,Arthropoda,Arthropoda
uniq4432,Eukaryota,Arthropoda,Arthropoda
uniq3721,Eukaryota,Arthropoda,Arthropoda
uniq3736,Eukaryota,Arthropoda,Arthropoda
uniq3744,Eukaryota,Arthropoda,Arthropoda
uniq5320,Eukaryota,Arthropoda,Arthropoda
uniq3982,Eukaryota,Arthropoda,Arthropoda
uniq3986,Eukaryota,Arthropoda,Arthropoda
uniq4047,Eukaryota,Arthropoda,Arthropoda
uniq4049,Eukaryota,Arthropoda,Arthropoda
uniq4494,Eukaryota,Arthropoda,Arthropoda
uniq4501,Eukaryota,Arthropoda,Arthropoda
uniq6369,Eukaryota,Arthropoda,Arthropoda
uniq4809,Eukaryota,Arthropoda,Arthropoda
uniq4834,Eukaryota,Arthropoda,Arthropoda
uniq4983,Eukaryota,Arthropoda,Arthropoda
uniq5856,Eukaryota,Arthropoda,Arthropoda
uniq5177,Eukaryota,Arthropoda,Arthropoda
uniq5281,Eukaryota,Arthropoda,Arthropoda
uniq5544,Eukaryota,Arthropoda,Arthropoda
uniq5558,Eukaryota,Arthropoda,Arthropoda
uniq5626,Eukaryota,Arthropoda,Arthropoda
uniq5670,Eukaryota,Arthropoda,Arthropoda
uniq12057,Eukaryota,Arthropoda,Arthropoda
uniq5806,Eukaryota,Arthropoda,Arthropoda
uniq9536,Eukaryota,Arthropoda,Arthropoda
uniq6225,Eukaryota,Arthropoda,Arthropoda
uniq6374,Eukaryota,Arthropoda,Arthropoda
uniq6393,Eukaryota,Arthropoda,Arthropoda
uniq13397,Eukaryota,Arthropoda,Arthropoda
uniq6539,Eukaryota,Arthropoda,Arthropoda
uniq6698,Eukaryota,Arthropoda,Arthropoda
uniq6773,Eukaryota,Arthropoda,Arthropoda
uniq6819,Eukaryota,Arthropoda,Arthropoda
uniq7026,Eukaryota,Arthropoda,Arthropoda
uniq7136,Eukaryota,Arthropoda,Arthropoda
uniq7139,Eukaryota,Arthropoda,Arthropoda
uniq7238,Eukaryota,Arthropoda,Arthropoda
uniq14689,Eukaryota,Arthropoda,Arthropoda
uniq7573,Eukaryota,Arthropoda,Arthropoda
uniq7646,Eukaryota,Arthropoda,Arthropoda
uniq7721,Eukaryota,Arthropoda,Arthropoda
uniq7909,Eukaryota,Arthropoda,Arthropoda
uniq14899,Eukaryota,Arthropoda,Arthropoda
uniq8253,Eukaryota,Arthropoda,Arthropoda
uniq8619,Eukaryota,Arthropoda,Arthropoda
uniq8885,Eukaryota,Arthropoda,Arthropoda
uniq8927,Eukaryota,Arthropoda,Arthropoda
uniq13431,Eukaryota,Arthropoda,Arthropoda
uniq9329,Eukaryota,Arthropoda,Arthropoda
uniq16020,Eukaryota,Arthropoda,Arthropoda
uniq9514,Eukaryota,Arthropoda,Arthropoda
uniq9916,Eukaryota,Arthropoda,Arthropoda
uniq10082,Eukaryota,Arthropoda,Arthropoda
uniq10240,Eukaryota,Arthropoda,Arthropoda
uniq10278,Eukaryota,Arthropoda,Arthropoda
uniq9952,Eukaryota,Arthropoda,Arthropoda
uniq10797,Eukaryota,Arthropoda,Arthropoda
uniq10841,Eukaryota,Arthropoda,Arthropoda
uniq14535,Eukaryota,Arthropoda,Arthropoda
uniq12882,Eukaryota,Arthropoda,Arthropoda
uniq17243,Eukaryota,Arthropoda,Arthropoda
uniq11106,Eukaryota,Arthropoda,Arthropoda
uniq11161,Eukaryota,Arthropoda,Arthropoda
uniq11332,Eukaryota,Arthropoda,Arthropoda
uniq11516,Eukaryota,Arthropoda,Arthropoda
uniq11778,Eukaryota,Arthropoda,Arthropoda
uniq12573,Eukaryota,Arthropoda,Arthropoda
uniq12638,Eukaryota,Arthropoda,Arthropoda
uniq16528,Eukaryota,Arthropoda,Arthropoda
uniq12824,Eukaryota,Arthropoda,Arthropoda
uniq12864,Eukaryota,Arthropoda,Arthropoda
uniq13526,Eukaryota,Arthropoda,Arthropoda
uniq13643,Eukaryota,Arthropoda,Arthropoda
uniq13673,Eukaryota,Arthropoda,Arthropoda
uniq13712,Eukaryota,Arthropoda,Arthropoda
uniq13956,Eukaryota,Arthropoda,Arthropoda
uniq14410,Eukaryota,Arthropoda,Arthropoda
uniq19435,Eukaryota,Arthropoda,Arthropoda
uniq15011,Eukaryota,Arthropoda,Arthropoda
uniq15411,Eukaryota,Arthropoda,Arthropoda
uniq15423,Eukaryota,Arthropoda,Arthropoda
uniq15602,Eukaryota,Arthropoda,Arthropoda
uniq15708,Eukaryota,Arthropoda,Arthropoda
uniq15792,Eukaryota,Arthropoda,Arthropoda
uniq16478,Eukaryota,Arthropoda,Arthropoda
uniq16487,Eukaryota,Arthropoda,Arthropoda
uniq16584,Eukaryota,Arthropoda,Arthropoda
uniq16659,Eukaryota,Arthropoda,Arthropoda
uniq17265,Eukaryota,Arthropoda,Arthropoda
uniq17283,Eukaryota,Arthropoda,Arthropoda
uniq17541,Eukaryota,Arthropoda,Arthropoda
uniq17657,Eukaryota,Arthropoda,Arthropoda
uniq25122,Eukaryota,Arthropoda,Arthropoda
uniq26485,Eukaryota,Arthropoda,Arthropoda
uniq26632,Eukaryota,Arthropoda,Arthropoda
uniq17953,Eukaryota,Arthropoda,Arthropoda
uniq18005,Eukaryota,Arthropoda,Arthropoda
uniq18435,Eukaryota,Arthropoda,Arthropoda
uniq18575,Eukaryota,Arthropoda,Arthropoda
uniq18719,Eukaryota,Arthropoda,Arthropoda
uniq18908,Eukaryota,Arthropoda,Arthropoda
uniq19134,Eukaryota,Arthropoda,Arthropoda
uniq27619,Eukaryota,Arthropoda,Arthropoda
uniq19510,Eukaryota,Arthropoda,Arthropoda
uniq19647,Eukaryota,Arthropoda,Arthropoda
uniq19799,Eukaryota,Arthropoda,Arthropoda
uniq19833,Eukaryota,Arthropoda,Arthropoda
uniq20059,Eukaryota,Arthropoda,Arthropoda
uniq20260,Eukaryota,Arthropoda,Arthropoda
uniq20449,Eukaryota,Arthropoda,Arthropoda
uniq20695,Eukaryota,Arthropoda,Arthropoda
uniq20996,Eukaryota,Arthropoda,Arthropoda
uniq34709,Eukaryota,Arthropoda,Arthropoda
uniq34904,Eukaryota,Arthropoda,Arthropoda
uniq21410,Eukaryota,Arthropoda,Arthropoda
uniq21432,Eukaryota,Arthropoda,Arthropoda
uniq21989,Eukaryota,Arthropoda,Arthropoda
uniq22043,Eukaryota,Arthropoda,Arthropoda
uniq22149,Eukaryota,Arthropoda,Arthropoda
uniq22258,Eukaryota,Arthropoda,Arthropoda
uniq22375,Eukaryota,Arthropoda,Arthropoda
uniq22511,Eukaryota,Arthropoda,Arthropoda
uniq22581,Eukaryota,Arthropoda,Arthropoda
uniq22583,Eukaryota,Arthropoda,Arthropoda
uniq22886,Eukaryota,Arthropoda,Arthropoda
uniq22905,Eukaryota,Arthropoda,Arthropoda
uniq23322,Eukaryota,Arthropoda,Arthropoda
uniq40550,Eukaryota,Arthropoda,Arthropoda
uniq23694,Eukaryota,Arthropoda,Arthropoda
uniq24596,Eukaryota,Arthropoda,Arthropoda
uniq24595,Eukaryota,Arthropoda,Arthropoda
uniq24825,Eukaryota,Arthropoda,Arthropoda
uniq25295,Eukaryota,Arthropoda,Arthropoda
uniq25491,Eukaryota,Arthropoda,Arthropoda
uniq25533,Eukaryota,Arthropoda,Arthropoda
uniq25669,Eukaryota,Arthropoda,Arthropoda
uniq25849,Eukaryota,Arthropoda,Arthropoda
uniq26058,Eukaryota,Arthropoda,Arthropoda
uniq26131,Eukaryota,Arthropoda,Arthropoda
uniq26353,Eukaryota,Arthropoda,Arthropoda
uniq27304,Eukaryota,Arthropoda,Arthropoda
uniq27436,Eukaryota,Arthropoda,Arthropoda
uniq27983,Eukaryota,Arthropoda,Arthropoda
uniq28195,Eukaryota,Arthropoda,Arthropoda
uniq29111,Eukaryota,Arthropoda,Arthropoda
uniq29516,Eukaryota,Arthropoda,Arthropoda
uniq29662,Eukaryota,Arthropoda,Arthropoda
uniq30143,Eukaryota,Arthropoda,Arthropoda
uniq30282,Eukaryota,Arthropoda,Arthropoda
uniq30473,Eukaryota,Arthropoda,Arthropoda
uniq30684,Eukaryota,Arthropoda,Arthropoda
uniq31022,Eukaryota,Arthropoda,Arthropoda
uniq31416,Eukaryota,Arthropoda,Arthropoda
uniq31446,Eukaryota,Arthropoda,Arthropoda
uniq32066,Eukaryota,Arthropoda,Arthropoda
uniq32386,Eukaryota,Arthropoda,Arthropoda
uniq32704,Eukaryota,Arthropoda,Arthropoda
uniq32744,Eukaryota,Arthropoda,Arthropoda
uniq32807,Eukaryota,Arthropoda,Arthropoda
uniq32987,Eukaryota,Arthropoda,Arthropoda
uniq33068,Eukaryota,Arthropoda,Arthropoda
uniq33163,Eukaryota,Arthropoda,Arthropoda
uniq33741,Eukaryota,Arthropoda,Arthropoda
uniq33822,Eukaryota,Arthropoda,Arthropoda
uniq34122,Eukaryota,Arthropoda,Arthropoda
uniq34148,Eukaryota,Arthropoda,Arthropoda
uniq34466,Eukaryota,Arthropoda,Arthropoda
uniq34567,Eukaryota,Arthropoda,Arthropoda
uniq34837,Eukaryota,Arthropoda,Arthropoda
uniq34896,Eukaryota,Arthropoda,Arthropoda
uniq35058,Eukaryota,Arthropoda,Arthropoda
uniq35484,Eukaryota,Arthropoda,Arthropoda
uniq35801,Eukaryota,Arthropoda,Arthropoda
uniq35822,Eukaryota,Arthropoda,Arthropoda
uniq36115,Eukaryota,Arthropoda,Arthropoda
uniq36288,Eukaryota,Arthropoda,Arthropoda
uniq36974,Eukaryota,Arthropoda,Arthropoda
uniq37529,Eukaryota,Arthropoda,Arthropoda
uniq37895,Eukaryota,Arthropoda,Arthropoda
uniq37967,Eukaryota,Arthropoda,Arthropoda
uniq37977,Eukaryota,Arthropoda,Arthropoda
uniq38007,Eukaryota,Arthropoda,Arthropoda
uniq38010,Eukaryota,Arthropoda,Arthropoda
uniq38134,Eukaryota,Arthropoda,Arthropoda
uniq38139,Eukaryota,Arthropoda,Arthropoda
uniq38256,Eukaryota,Arthropoda,Arthropoda
uniq38396,Eukaryota,Arthropoda,Arthropoda
uniq38530,Eukaryota,Arthropoda,Arthropoda
uniq38544,Eukaryota,Arthropoda,Arthropoda
uniq38670,Eukaryota,Arthropoda,Arthropoda
uniq38848,Eukaryota,Arthropoda,Arthropoda
uniq39036,Eukaryota,Arthropoda,Arthropoda
uniq39114,Eukaryota,Arthropoda,Arthropoda
uniq39317,Eukaryota,Arthropoda,Arthropoda
uniq39334,Eukaryota,Arthropoda,Arthropoda
uniq39400,Eukaryota,Arthropoda,Arthropoda
uniq39431,Eukaryota,Arthropoda,Arthropoda
uniq39540,Eukaryota,Arthropoda,Arthropoda
uniq39682,Eukaryota,Arthropoda,Arthropoda
uniq40244,Eukaryota,Arthropoda,Arthropoda
uniq40337,Eukaryota,Arthropoda,Arthropoda
uniq40499,Eukaryota,Arthropoda,Arthropoda
uniq40733,Eukaryota,Arthropoda,Arthropoda
uniq40758,Eukaryota,Arthropoda,Arthropoda
uniq41100,Eukaryota,Arthropoda,Arthropoda
uniq41439,Eukaryota,Arthropoda,Arthropoda
uniq41564,Eukaryota,Arthropoda,Arthropoda
uniq41610,Eukaryota,Arthropoda,Arthropoda
uniq42318,Eukaryota,Arthropoda,Arthropoda
uniq42349,Eukaryota,Arthropoda,Arthropoda
uniq42487,Eukaryota,Arthropoda,Arthropoda
uniq42552,Eukaryota,Arthropoda,Arthropoda
uniq42865,Eukaryota,Arthropoda,Arthropoda
uniq43016,Eukaryota,Arthropoda,Arthropoda
uniq43110,Eukaryota,Arthropoda,Arthropoda
uniq43109,Eukaryota,Arthropoda,Arthropoda
uniq43183,Eukaryota,Arthropoda,Arthropoda
uniq43654,Eukaryota,Arthropoda,Arthropoda
uniq43839,Eukaryota,Arthropoda,Arthropoda
uniq44148,Eukaryota,Arthropoda,Arthropoda
uniq44336,Eukaryota,Arthropoda,Arthropoda
uniq44719,Eukaryota,Arthropoda,Arthropoda
uniq45689,Eukaryota,Arthropoda,Arthropoda
uniq46067,Eukaryota,Arthropoda,Arthropoda
uniq46133,Eukaryota,Arthropoda,Arthropoda
uniq46335,Eukaryota,Arthropoda,Arthropoda
uniq46369,Eukaryota,Arthropoda,Arthropoda
uniq46658,Eukaryota,Arthropoda,Arthropoda
uniq46779,Eukaryota,Arthropoda,Arthropoda
uniq46978,Eukaryota,Arthropoda,Arthropoda
uniq47018,Eukaryota,Arthropoda,Arthropoda
uniq47187,Eukaryota,Arthropoda,Arthropoda
uniq47183,Eukaryota,Arthropoda,Arthropoda
uniq47251,Eukaryota,Arthropoda,Arthropoda
uniq47353,Eukaryota,Arthropoda,Arthropoda
uniq47632,Eukaryota,Arthropoda,Arthropoda
uniq47783,Eukaryota,Arthropoda,Arthropoda
uniq47886,Eukaryota,Arthropoda,Arthropoda
uniq48216,Eukaryota,Arthropoda,Arthropoda
uniq48287,Eukaryota,Arthropoda,Arthropoda
uniq48457,Eukaryota,Arthropoda,Arthropoda
uniq48505,Eukaryota,Arthropoda,Arthropoda
uniq48788,Eukaryota,Arthropoda,Arthropoda
uniq48863,Eukaryota,Arthropoda,Arthropoda
uniq48942,Eukaryota,Arthropoda,Arthropoda
uniq49115,Eukaryota,Arthropoda,Arthropoda
uniq49196,Eukaryota,Arthropoda,Arthropoda
uniq49471,Eukaryota,Arthropoda,Arthropoda
uniq50609,Eukaryota,Arthropoda,Arthropoda
uniq50699,Eukaryota,Arthropoda,Arthropoda
uniq51141,Eukaryota,Arthropoda,Arthropoda
uniq51269,Eukaryota,Arthropoda,Arthropoda
uniq51871,Eukaryota,Arthropoda,Arthropoda
uniq51924,Eukaryota,Arthropoda,Arthropoda
uniq52038,Eukaryota,Arthropoda,Arthropoda
uniq3072,Eukaryota,Arthropoda,Branchiopoda
uniq8715,Eukaryota,Arthropoda,Branchiopoda
uniq16681,Eukaryota,Arthropoda,Branchiopoda
uniq4197,Eukaryota,Arthropoda,Branchiopoda
uniq35,Eukaryota,Arthropoda,Hexanauplia
uniq13593,Eukaryota,Arthropoda,Hexanauplia
uniq1903,Eukaryota,Arthropoda,Hexanauplia
uniq8616,Eukaryota,Arthropoda,Hexanauplia
uniq20662,Eukaryota,Arthropoda,Hexanauplia
uniq22791,Eukaryota,Arthropoda,Hexanauplia
uniq22852,Eukaryota,Arthropoda,Hexanauplia
uniq172,Eukaryota,Arthropoda,Hexanauplia
uniq788,Eukaryota,Arthropoda,Hexanauplia
uniq2315,Eukaryota,Arthropoda,Hexanauplia
uniq1632,Eukaryota,Arthropoda,Hexanauplia
uniq2986,Eukaryota,Arthropoda,Hexanauplia
uniq16120,Eukaryota,Arthropoda,Hexanauplia
uniq19026,Eukaryota,Arthropoda,Hexanauplia
uniq42962,Eukaryota,Arthropoda,Hexanauplia
uniq49208,Eukaryota,Arthropoda,Hexanauplia
uniq258,Eukaryota,Arthropoda,Hexanauplia
uniq4568,Eukaryota,Arthropoda,Hexanauplia
uniq14551,Eukaryota,Arthropoda,Hexanauplia
uniq15112,Eukaryota,Arthropoda,Hexanauplia
uniq113,Eukaryota,Arthropoda,Hexanauplia
uniq3990,Eukaryota,Arthropoda,Hexanauplia
uniq4099,Eukaryota,Arthropoda,Hexanauplia
uniq19257,Eukaryota,Arthropoda,Hexanauplia
uniq13394,Eukaryota,Arthropoda,Hexanauplia
uniq212,Eukaryota,Arthropoda,Hexanauplia
uniq849,Eukaryota,Arthropoda,Hexanauplia
uniq1823,Eukaryota,Arthropoda,Hexanauplia
uniq15735,Eukaryota,Arthropoda,Hexanauplia
uniq18585,Eukaryota,Arthropoda,Hexanauplia
uniq34060,Eukaryota,Arthropoda,Hexanauplia
uniq37562,Eukaryota,Arthropoda,Hexanauplia
uniq46440,Eukaryota,Arthropoda,Hexanauplia
uniq4765,Eukaryota,Arthropoda,Hexanauplia
uniq6581,Eukaryota,Arthropoda,Hexanauplia
uniq7671,Eukaryota,Arthropoda,Hexanauplia
uniq12940,Eukaryota,Arthropoda,Hexanauplia
uniq13658,Eukaryota,Arthropoda,Hexanauplia
uniq15965,Eukaryota,Arthropoda,Hexanauplia
uniq22401,Eukaryota,Arthropoda,Hexanauplia
uniq22908,Eukaryota,Arthropoda,Hexanauplia
uniq23123,Eukaryota,Arthropoda,Hexanauplia
uniq23263,Eukaryota,Arthropoda,Hexanauplia
uniq24814,Eukaryota,Arthropoda,Hexanauplia
uniq32593,Eukaryota,Arthropoda,Hexanauplia
uniq32713,Eukaryota,Arthropoda,Hexanauplia
uniq34081,Eukaryota,Arthropoda,Hexanauplia
uniq38005,Eukaryota,Arthropoda,Hexanauplia
uniq40591,Eukaryota,Arthropoda,Hexanauplia
uniq40616,Eukaryota,Arthropoda,Hexanauplia
uniq40856,Eukaryota,Arthropoda,Hexanauplia
uniq42561,Eukaryota,Arthropoda,Hexanauplia
uniq43730,Eukaryota,Arthropoda,Hexanauplia
uniq44431,Eukaryota,Arthropoda,Hexanauplia
uniq45357,Eukaryota,Arthropoda,Hexanauplia
uniq47349,Eukaryota,Arthropoda,Hexanauplia
uniq49249,Eukaryota,Arthropoda,Hexanauplia
uniq51000,Eukaryota,Arthropoda,Hexanauplia
uniq51425,Eukaryota,Arthropoda,Hexanauplia
uniq397,Eukaryota,Arthropoda,Hexanauplia
uniq970,Eukaryota,Arthropoda,Hexanauplia
uniq2029,Eukaryota,Arthropoda,Hexanauplia
uniq7111,Eukaryota,Arthropoda,Hexanauplia
uniq8427,Eukaryota,Arthropoda,Hexanauplia
uniq95,Eukaryota,Arthropoda,Hexanauplia
uniq407,Eukaryota,Arthropoda,Hexanauplia
uniq735,Eukaryota,Arthropoda,Hexanauplia
uniq2036,Eukaryota,Arthropoda,Hexanauplia
uniq2392,Eukaryota,Arthropoda,Hexanauplia
uniq2516,Eukaryota,Arthropoda,Hexanauplia
uniq2673,Eukaryota,Arthropoda,Hexanauplia
uniq3689,Eukaryota,Arthropoda,Hexanauplia
uniq3261,Eukaryota,Arthropoda,Hexanauplia
uniq3974,Eukaryota,Arthropoda,Hexanauplia
uniq4026,Eukaryota,Arthropoda,Hexanauplia
uniq4199,Eukaryota,Arthropoda,Hexanauplia
uniq6355,Eukaryota,Arthropoda,Hexanauplia
uniq7989,Eukaryota,Arthropoda,Hexanauplia
uniq5167,Eukaryota,Arthropoda,Hexanauplia
uniq6321,Eukaryota,Arthropoda,Hexanauplia
uniq8717,Eukaryota,Arthropoda,Hexanauplia
uniq7799,Eukaryota,Arthropoda,Hexanauplia
uniq8579,Eukaryota,Arthropoda,Hexanauplia
uniq10706,Eukaryota,Arthropoda,Hexanauplia
uniq15526,Eukaryota,Arthropoda,Hexanauplia
uniq12198,Eukaryota,Arthropoda,Hexanauplia
uniq12216,Eukaryota,Arthropoda,Hexanauplia
uniq13463,Eukaryota,Arthropoda,Hexanauplia
uniq13582,Eukaryota,Arthropoda,Hexanauplia
uniq15094,Eukaryota,Arthropoda,Hexanauplia
uniq16704,Eukaryota,Arthropoda,Hexanauplia
uniq17985,Eukaryota,Arthropoda,Hexanauplia
uniq19676,Eukaryota,Arthropoda,Hexanauplia
uniq24334,Eukaryota,Arthropoda,Hexanauplia
uniq25974,Eukaryota,Arthropoda,Hexanauplia
uniq26019,Eukaryota,Arthropoda,Hexanauplia
uniq26514,Eukaryota,Arthropoda,Hexanauplia
uniq28701,Eukaryota,Arthropoda,Hexanauplia
uniq30384,Eukaryota,Arthropoda,Hexanauplia
uniq33889,Eukaryota,Arthropoda,Hexanauplia
uniq34546,Eukaryota,Arthropoda,Hexanauplia
uniq34783,Eukaryota,Arthropoda,Hexanauplia
uniq38155,Eukaryota,Arthropoda,Hexanauplia
uniq38287,Eukaryota,Arthropoda,Hexanauplia
uniq40119,Eukaryota,Arthropoda,Hexanauplia
uniq40122,Eukaryota,Arthropoda,Hexanauplia
uniq41574,Eukaryota,Arthropoda,Hexanauplia
uniq43831,Eukaryota,Arthropoda,Hexanauplia
uniq47245,Eukaryota,Arthropoda,Hexanauplia
uniq52310,Eukaryota,Arthropoda,Hexanauplia
uniq8240,Eukaryota,Arthropoda,Hexanauplia
uniq435,Eukaryota,Arthropoda,Hexanauplia
uniq1016,Eukaryota,Arthropoda,Hexanauplia
uniq13348,Eukaryota,Arthropoda,Hexanauplia
uniq47346,Eukaryota,Arthropoda,Hexanauplia
uniq593,Eukaryota,Arthropoda,Hexanauplia
uniq2658,Eukaryota,Arthropoda,Hexanauplia
uniq28587,Eukaryota,Arthropoda,Hexanauplia
uniq45240,Eukaryota,Arthropoda,Hexanauplia
uniq6591,Eukaryota,Arthropoda,Hexanauplia
uniq9823,Eukaryota,Arthropoda,Hexanauplia
uniq10689,Eukaryota,Arthropoda,Hexanauplia
uniq625,Eukaryota,Arthropoda,Hexanauplia
uniq1287,Eukaryota,Arthropoda,Hexanauplia
uniq3923,Eukaryota,Arthropoda,Hexanauplia
uniq9955,Eukaryota,Arthropoda,Hexanauplia
uniq10030,Eukaryota,Arthropoda,Hexanauplia
uniq12598,Eukaryota,Arthropoda,Hexanauplia
uniq14767,Eukaryota,Arthropoda,Hexanauplia
uniq15997,Eukaryota,Arthropoda,Hexanauplia
uniq24,Eukaryota,Arthropoda,Hexanauplia
uniq62,Eukaryota,Arthropoda,Hexanauplia
uniq63,Eukaryota,Arthropoda,Hexanauplia
uniq66,Eukaryota,Arthropoda,Hexanauplia
uniq101,Eukaryota,Arthropoda,Hexanauplia
uniq174,Eukaryota,Arthropoda,Hexanauplia
uniq261,Eukaryota,Arthropoda,Hexanauplia
uniq290,Eukaryota,Arthropoda,Hexanauplia
uniq493,Eukaryota,Arthropoda,Hexanauplia
uniq622,Eukaryota,Arthropoda,Hexanauplia
uniq881,Eukaryota,Arthropoda,Hexanauplia
uniq1299,Eukaryota,Arthropoda,Hexanauplia
uniq732,Eukaryota,Arthropoda,Hexanauplia
uniq756,Eukaryota,Arthropoda,Hexanauplia
uniq786,Eukaryota,Arthropoda,Hexanauplia
uniq862,Eukaryota,Arthropoda,Hexanauplia
uniq993,Eukaryota,Arthropoda,Hexanauplia
uniq2280,Eukaryota,Arthropoda,Hexanauplia
uniq1335,Eukaryota,Arthropoda,Hexanauplia
uniq1721,Eukaryota,Arthropoda,Hexanauplia
uniq2175,Eukaryota,Arthropoda,Hexanauplia
uniq2231,Eukaryota,Arthropoda,Hexanauplia
uniq2741,Eukaryota,Arthropoda,Hexanauplia
uniq3409,Eukaryota,Arthropoda,Hexanauplia
uniq3473,Eukaryota,Arthropoda,Hexanauplia
uniq4070,Eukaryota,Arthropoda,Hexanauplia
uniq5131,Eukaryota,Arthropoda,Hexanauplia
uniq7891,Eukaryota,Arthropoda,Hexanauplia
uniq5973,Eukaryota,Arthropoda,Hexanauplia
uniq6447,Eukaryota,Arthropoda,Hexanauplia
uniq8598,Eukaryota,Arthropoda,Hexanauplia
uniq7643,Eukaryota,Arthropoda,Hexanauplia
uniq14630,Eukaryota,Arthropoda,Hexanauplia
uniq15476,Eukaryota,Arthropoda,Hexanauplia
uniq13338,Eukaryota,Arthropoda,Hexanauplia
uniq9581,Eukaryota,Arthropoda,Hexanauplia
uniq19425,Eukaryota,Arthropoda,Hexanauplia
uniq25706,Eukaryota,Arthropoda,Hexanauplia
uniq26529,Eukaryota,Arthropoda,Hexanauplia
uniq30299,Eukaryota,Arthropoda,Hexanauplia
uniq32156,Eukaryota,Arthropoda,Hexanauplia
uniq42454,Eukaryota,Arthropoda,Hexanauplia
uniq47188,Eukaryota,Arthropoda,Hexanauplia
uniq263,Eukaryota,Arthropoda,Hexanauplia
uniq855,Eukaryota,Arthropoda,Hexanauplia
uniq3177,Eukaryota,Arthropoda,Hexanauplia
uniq42278,Eukaryota,Arthropoda,Hexanauplia
uniq3829,Eukaryota,Arthropoda,Hexanauplia
uniq8988,Eukaryota,Arthropoda,Hexanauplia
uniq17411,Eukaryota,Arthropoda,Hexanauplia
uniq1697,Eukaryota,Arthropoda,Hexanauplia
uniq6240,Eukaryota,Arthropoda,Hexanauplia
uniq12495,Eukaryota,Arthropoda,Hexanauplia
uniq16221,Eukaryota,Arthropoda,Hexanauplia
uniq29086,Eukaryota,Arthropoda,Hexanauplia
uniq845,Eukaryota,Arthropoda,Hexanauplia
uniq1309,Eukaryota,Arthropoda,Hexanauplia
uniq15419,Eukaryota,Arthropoda,Hexanauplia
uniq18232,Eukaryota,Arthropoda,Hexanauplia
uniq23025,Eukaryota,Arthropoda,Hexanauplia
uniq8817,Eukaryota,Arthropoda,Hexanauplia
uniq453,Eukaryota,Arthropoda,Hexanauplia
uniq33688,Eukaryota,Arthropoda,Hexanauplia
uniq15891,Eukaryota,Arthropoda,Hexanauplia
uniq1203,Eukaryota,Arthropoda,Hexanauplia
uniq25511,Eukaryota,Arthropoda,Hexanauplia
uniq42817,Eukaryota,Arthropoda,Hexanauplia
uniq46006,Eukaryota,Arthropoda,Hexanauplia
uniq136,Eukaryota,Arthropoda,Hexanauplia
uniq318,Eukaryota,Arthropoda,Hexanauplia
uniq811,Eukaryota,Arthropoda,Hexanauplia
uniq42892,Eukaryota,Arthropoda,Hexanauplia
uniq1613,Eukaryota,Arthropoda,Hexanauplia
uniq10353,Eukaryota,Arthropoda,Hexanauplia
uniq24789,Eukaryota,Arthropoda,Hexanauplia
uniq5028,Eukaryota,Arthropoda,Hexanauplia
uniq13716,Eukaryota,Arthropoda,Hexanauplia
uniq17089,Eukaryota,Arthropoda,Hexanauplia
uniq17248,Eukaryota,Arthropoda,Hexanauplia
uniq28897,Eukaryota,Arthropoda,Hexanauplia
uniq35734,Eukaryota,Arthropoda,Hexanauplia
uniq32322,Eukaryota,Arthropoda,Hexanauplia
uniq5814,Eukaryota,Arthropoda,Hexanauplia
uniq17131,Eukaryota,Arthropoda,Hexanauplia
uniq45598,Eukaryota,Arthropoda,Hexanauplia
uniq4383,Eukaryota,Arthropoda,Hexanauplia
uniq19981,Eukaryota,Arthropoda,Hexanauplia
uniq25831,Eukaryota,Arthropoda,Hexanauplia
uniq27608,Eukaryota,Arthropoda,Hexanauplia
uniq30656,Eukaryota,Arthropoda,Hexanauplia
uniq32131,Eukaryota,Arthropoda,Hexanauplia
uniq32222,Eukaryota,Arthropoda,Hexanauplia
uniq34174,Eukaryota,Arthropoda,Hexanauplia
uniq36643,Eukaryota,Arthropoda,Hexanauplia
uniq37076,Eukaryota,Arthropoda,Hexanauplia
uniq41238,Eukaryota,Arthropoda,Hexanauplia
uniq42746,Eukaryota,Arthropoda,Hexanauplia
uniq49795,Eukaryota,Arthropoda,Hexanauplia
uniq48674,Eukaryota,Arthropoda,Hexanauplia
uniq13856,Eukaryota,Arthropoda,Hexanauplia
uniq48523,Eukaryota,Arthropoda,Hexanauplia
uniq19164,Eukaryota,Arthropoda,Hexanauplia
uniq10081,Eukaryota,Arthropoda,Hexanauplia
uniq25195,Eukaryota,Arthropoda,Hexanauplia
uniq40235,Eukaryota,Arthropoda,Hexanauplia
uniq40929,Eukaryota,Arthropoda,Hexanauplia
uniq41745,Eukaryota,Arthropoda,Hexanauplia
uniq34587,Eukaryota,Arthropoda,Hexanauplia
uniq19448,Eukaryota,Arthropoda,Hexanauplia
uniq26105,Eukaryota,Arthropoda,Hexanauplia
uniq41936,Eukaryota,Arthropoda,Hexanauplia
uniq42257,Eukaryota,Arthropoda,Hexanauplia
uniq52329,Eukaryota,Arthropoda,Hexanauplia
uniq2508,Eukaryota,Arthropoda,Insecta
uniq5220,Eukaryota,Arthropoda,Insecta
uniq23424,Eukaryota,Arthropoda,Insecta
uniq39306,Eukaryota,Arthropoda,Insecta
uniq44580,Eukaryota,Arthropoda,Insecta
uniq50285,Eukaryota,Arthropoda,Insecta
uniq157,Eukaryota,Arthropoda,Insecta
uniq14570,Eukaryota,Arthropoda,Insecta
uniq10300,Eukaryota,Arthropoda,Malacostraca
uniq41618,Eukaryota,Arthropoda,Malacostraca
uniq46288,Eukaryota,Arthropoda,Malacostraca
uniq45163,Eukaryota,Arthropoda,Malacostraca
uniq357,Eukaryota,Arthropoda,Malacostraca
uniq558,Eukaryota,Arthropoda,Malacostraca
uniq1841,Eukaryota,Arthropoda,Malacostraca
uniq1091,Eukaryota,Arthropoda,Malacostraca
uniq1539,Eukaryota,Arthropoda,Malacostraca
uniq1766,Eukaryota,Arthropoda,Malacostraca
uniq1913,Eukaryota,Arthropoda,Malacostraca
uniq2305,Eukaryota,Arthropoda,Malacostraca
uniq2580,Eukaryota,Arthropoda,Malacostraca
uniq3772,Eukaryota,Arthropoda,Malacostraca
uniq3863,Eukaryota,Arthropoda,Malacostraca
uniq4040,Eukaryota,Arthropoda,Malacostraca
uniq4483,Eukaryota,Arthropoda,Malacostraca
uniq8498,Eukaryota,Arthropoda,Malacostraca
uniq5431,Eukaryota,Arthropoda,Malacostraca
uniq5765,Eukaryota,Arthropoda,Malacostraca
uniq16309,Eukaryota,Arthropoda,Malacostraca
uniq10227,Eukaryota,Arthropoda,Malacostraca
uniq9967,Eukaryota,Arthropoda,Malacostraca
uniq13214,Eukaryota,Arthropoda,Malacostraca
uniq29420,Eukaryota,Arthropoda,Malacostraca
uniq19502,Eukaryota,Arthropoda,Malacostraca
uniq19999,Eukaryota,Arthropoda,Malacostraca
uniq20044,Eukaryota,Arthropoda,Malacostraca
uniq20643,Eukaryota,Arthropoda,Malacostraca
uniq23895,Eukaryota,Arthropoda,Malacostraca
uniq25514,Eukaryota,Arthropoda,Malacostraca
uniq44978,Eukaryota,Arthropoda,Malacostraca
uniq28370,Eukaryota,Arthropoda,Malacostraca
uniq31067,Eukaryota,Arthropoda,Malacostraca
uniq31321,Eukaryota,Arthropoda,Malacostraca
uniq35556,Eukaryota,Arthropoda,Malacostraca
uniq35854,Eukaryota,Arthropoda,Malacostraca
uniq36196,Eukaryota,Arthropoda,Malacostraca
uniq36194,Eukaryota,Arthropoda,Malacostraca
uniq37304,Eukaryota,Arthropoda,Malacostraca
uniq38203,Eukaryota,Arthropoda,Malacostraca
uniq39090,Eukaryota,Arthropoda,Malacostraca
uniq39322,Eukaryota,Arthropoda,Malacostraca
uniq39812,Eukaryota,Arthropoda,Malacostraca
uniq41258,Eukaryota,Arthropoda,Malacostraca
uniq42574,Eukaryota,Arthropoda,Malacostraca
uniq42600,Eukaryota,Arthropoda,Malacostraca
uniq43759,Eukaryota,Arthropoda,Malacostraca
uniq45257,Eukaryota,Arthropoda,Malacostraca
uniq45723,Eukaryota,Arthropoda,Malacostraca
uniq47826,Eukaryota,Arthropoda,Malacostraca
uniq48932,Eukaryota,Arthropoda,Malacostraca
uniq49123,Eukaryota,Arthropoda,Malacostraca
uniq50371,Eukaryota,Arthropoda,Malacostraca
uniq51267,Eukaryota,Arthropoda,Malacostraca
uniq1796,Eukaryota,Arthropoda,Malacostraca
uniq5526,Eukaryota,Arthropoda,Malacostraca
uniq35629,Eukaryota,Arthropoda,Malacostraca
uniq1030,Eukaryota,Arthropoda,Malacostraca
uniq253,Eukaryota,Arthropoda,Malacostraca
uniq8964,Eukaryota,Arthropoda,Malacostraca
uniq29569,Eukaryota,Arthropoda,Malacostraca
uniq5140,Eukaryota,Arthropoda,Malacostraca
uniq69,Eukaryota,Arthropoda,Malacostraca
uniq4311,Eukaryota,Arthropoda,Malacostraca
uniq16930,Eukaryota,Arthropoda,Malacostraca
uniq10685,Eukaryota,Arthropoda,Malacostraca
uniq25543,Eukaryota,Arthropoda,Malacostraca
uniq1318,Eukaryota,Arthropoda,Malacostraca
uniq19103,Eukaryota,Arthropoda,Malacostraca
uniq50818,Eukaryota,Arthropoda,Malacostraca
uniq8463,Eukaryota,Arthropoda,Malacostraca
uniq40749,Eukaryota,Arthropoda,Malacostraca
uniq16131,Eukaryota,Arthropoda,Malacostraca
uniq7954,Eukaryota,Arthropoda,Malacostraca
uniq15577,Eukaryota,Arthropoda,Malacostraca
uniq47623,Eukaryota,Arthropoda,Malacostraca
uniq9377,Eukaryota,Arthropoda,Malacostraca
uniq3170,Eukaryota,Arthropoda,Malacostraca
uniq9922,Eukaryota,Arthropoda,Malacostraca
uniq17450,Eukaryota,Arthropoda,Malacostraca
uniq784,Eukaryota,Arthropoda,Malacostraca
uniq542,Eukaryota,Arthropoda,Malacostraca
uniq5070,Eukaryota,Arthropoda,Malacostraca
uniq198,Eukaryota,Arthropoda,Malacostraca
uniq256,Eukaryota,Arthropoda,Malacostraca
uniq581,Eukaryota,Arthropoda,Malacostraca
uniq1125,Eukaryota,Arthropoda,Malacostraca
uniq4454,Eukaryota,Arthropoda,Malacostraca
uniq3907,Eukaryota,Arthropoda,Malacostraca
uniq4249,Eukaryota,Arthropoda,Malacostraca
uniq6297,Eukaryota,Arthropoda,Malacostraca
uniq5239,Eukaryota,Arthropoda,Malacostraca
uniq5837,Eukaryota,Arthropoda,Malacostraca
uniq10692,Eukaryota,Arthropoda,Malacostraca
uniq13559,Eukaryota,Arthropoda,Malacostraca
uniq9829,Eukaryota,Arthropoda,Malacostraca
uniq9255,Eukaryota,Arthropoda,Malacostraca
uniq10333,Eukaryota,Arthropoda,Malacostraca
uniq16512,Eukaryota,Arthropoda,Malacostraca
uniq21842,Eukaryota,Arthropoda,Malacostraca
uniq18056,Eukaryota,Arthropoda,Malacostraca
uniq20222,Eukaryota,Arthropoda,Malacostraca
uniq26551,Eukaryota,Arthropoda,Malacostraca
uniq29514,Eukaryota,Arthropoda,Malacostraca
uniq30406,Eukaryota,Arthropoda,Malacostraca
uniq37339,Eukaryota,Arthropoda,Malacostraca
uniq2206,Eukaryota,Arthropoda,Malacostraca
uniq12716,Eukaryota,Arthropoda,Malacostraca
uniq4108,Eukaryota,Arthropoda,Malacostraca
uniq15465,Eukaryota,Arthropoda,Malacostraca
uniq22840,Eukaryota,Arthropoda,Malacostraca
uniq8628,Eukaryota,Arthropoda,Malacostraca
uniq20690,Eukaryota,Arthropoda,Malacostraca
uniq4023,Eukaryota,Arthropoda,Malacostraca
uniq7480,Eukaryota,Arthropoda,Malacostraca
uniq5127,Eukaryota,Arthropoda,Malacostraca
uniq7049,Eukaryota,Arthropoda,Malacostraca
uniq16565,Eukaryota,Arthropoda,Malacostraca
uniq47120,Eukaryota,Arthropoda,Malacostraca
uniq386,Eukaryota,Arthropoda,Malacostraca
uniq5543,Eukaryota,Arthropoda,Malacostraca
uniq5703,Eukaryota,Arthropoda,Malacostraca
uniq6638,Eukaryota,Arthropoda,Malacostraca
uniq7524,Eukaryota,Arthropoda,Malacostraca
uniq8591,Eukaryota,Arthropoda,Malacostraca
uniq11152,Eukaryota,Arthropoda,Malacostraca
uniq12631,Eukaryota,Arthropoda,Malacostraca
uniq16385,Eukaryota,Arthropoda,Malacostraca
uniq16541,Eukaryota,Arthropoda,Malacostraca
uniq25801,Eukaryota,Arthropoda,Malacostraca
uniq32890,Eukaryota,Arthropoda,Malacostraca
uniq43591,Eukaryota,Arthropoda,Malacostraca
uniq310,Eukaryota,Arthropoda,Malacostraca
uniq23437,Eukaryota,Arthropoda,Malacostraca
uniq37338,Eukaryota,Arthropoda,Malacostraca
uniq921,Eukaryota,Arthropoda,Malacostraca
uniq10993,Eukaryota,Arthropoda,Malacostraca
uniq16316,Eukaryota,Arthropoda,Malacostraca
uniq14259,Eukaryota,Arthropoda,Malacostraca
uniq513,Eukaryota,Arthropoda,Malacostraca
uniq2880,Eukaryota,Arthropoda,Malacostraca
uniq4884,Eukaryota,Arthropoda,Malacostraca
uniq5958,Eukaryota,Arthropoda,Malacostraca
uniq41769,Eukaryota,Arthropoda,Malacostraca
uniq4428,Eukaryota,Arthropoda,Malacostraca
uniq239,Eukaryota,Arthropoda,Malacostraca
uniq338,Eukaryota,Arthropoda,Malacostraca
uniq385,Eukaryota,Arthropoda,Malacostraca
uniq433,Eukaryota,Arthropoda,Malacostraca
uniq890,Eukaryota,Arthropoda,Malacostraca
uniq985,Eukaryota,Arthropoda,Malacostraca
uniq1418,Eukaryota,Arthropoda,Malacostraca
uniq2788,Eukaryota,Arthropoda,Malacostraca
uniq2796,Eukaryota,Arthropoda,Malacostraca
uniq2506,Eukaryota,Arthropoda,Malacostraca
uniq5655,Eukaryota,Arthropoda,Malacostraca
uniq15059,Eukaryota,Arthropoda,Malacostraca
uniq11343,Eukaryota,Arthropoda,Malacostraca
uniq12188,Eukaryota,Arthropoda,Malacostraca
uniq12490,Eukaryota,Arthropoda,Malacostraca
uniq17164,Eukaryota,Arthropoda,Malacostraca
uniq17313,Eukaryota,Arthropoda,Malacostraca
uniq37198,Eukaryota,Arthropoda,Malacostraca
uniq47531,Eukaryota,Arthropoda,Malacostraca
uniq51727,Eukaryota,Arthropoda,Malacostraca
uniq2539,Eukaryota,Arthropoda,Malacostraca
uniq867,Eukaryota,Arthropoda,Malacostraca
uniq1168,Eukaryota,Arthropoda,Malacostraca
uniq2302,Eukaryota,Arthropoda,Malacostraca
uniq1479,Eukaryota,Arthropoda,Malacostraca
uniq1921,Eukaryota,Arthropoda,Malacostraca
uniq2426,Eukaryota,Arthropoda,Malacostraca
uniq3801,Eukaryota,Arthropoda,Malacostraca
uniq5531,Eukaryota,Arthropoda,Malacostraca
uniq9890,Eukaryota,Arthropoda,Malacostraca
uniq7050,Eukaryota,Arthropoda,Malacostraca
uniq8439,Eukaryota,Arthropoda,Malacostraca
uniq10964,Eukaryota,Arthropoda,Malacostraca
uniq12146,Eukaryota,Arthropoda,Malacostraca
uniq14389,Eukaryota,Arthropoda,Malacostraca
uniq15863,Eukaryota,Arthropoda,Malacostraca
uniq18380,Eukaryota,Arthropoda,Malacostraca
uniq22235,Eukaryota,Arthropoda,Malacostraca
uniq27808,Eukaryota,Arthropoda,Malacostraca
uniq29068,Eukaryota,Arthropoda,Malacostraca
uniq30514,Eukaryota,Arthropoda,Malacostraca
uniq36429,Eukaryota,Arthropoda,Malacostraca
uniq36550,Eukaryota,Arthropoda,Malacostraca
uniq39596,Eukaryota,Arthropoda,Malacostraca
uniq42094,Eukaryota,Arthropoda,Malacostraca
uniq44973,Eukaryota,Arthropoda,Malacostraca
uniq48148,Eukaryota,Arthropoda,Malacostraca
uniq49194,Eukaryota,Arthropoda,Malacostraca
uniq51859,Eukaryota,Arthropoda,Malacostraca
uniq2274,Eukaryota,Arthropoda,Malacostraca
uniq2552,Eukaryota,Arthropoda,Malacostraca
uniq23327,Eukaryota,Arthropoda,Malacostraca
uniq47440,Eukaryota,Arthropoda,Malacostraca
uniq52060,Eukaryota,Arthropoda,Malacostraca
uniq1258,Eukaryota,Arthropoda,Ostracoda
uniq9937,Eukaryota,Arthropoda,Arthropoda
uniq16359,Eukaryota,Brachiopoda,Rhynchonellata
uniq543,Eukaryota,Chaetognatha,Chaetognatha
uniq3666,Eukaryota,Chaetognatha,Chaetognatha
uniq3641,Eukaryota,Chaetognatha,Chaetognatha
uniq2730,Eukaryota,Chaetognatha,Chaetognatha
uniq3326,Eukaryota,Chaetognatha,Chaetognatha
uniq3448,Eukaryota,Chaetognatha,Chaetognatha
uniq3861,Eukaryota,Chaetognatha,Chaetognatha
uniq4613,Eukaryota,Chaetognatha,Chaetognatha
uniq5957,Eukaryota,Chaetognatha,Chaetognatha
uniq10032,Eukaryota,Chaetognatha,Chaetognatha
uniq12287,Eukaryota,Chaetognatha,Chaetognatha
uniq15373,Eukaryota,Chaetognatha,Chaetognatha
uniq17424,Eukaryota,Chaetognatha,Chaetognatha
uniq27066,Eukaryota,Chaetognatha,Chaetognatha
uniq40925,Eukaryota,Chaetognatha,Chaetognatha
uniq48034,Eukaryota,Chaetognatha,Chaetognatha
uniq51555,Eukaryota,Chaetognatha,Chaetognatha
uniq6097,Eukaryota,Chaetognatha,Sagittoidea
uniq42810,Eukaryota,Chaetognatha,Sagittoidea
uniq90,Eukaryota,Chaetognatha,Sagittoidea
uniq99,Eukaryota,Chaetognatha,Sagittoidea
uniq171,Eukaryota,Chaetognatha,Sagittoidea
uniq488,Eukaryota,Chaetognatha,Sagittoidea
uniq606,Eukaryota,Chaetognatha,Sagittoidea
uniq527,Eukaryota,Chaetognatha,Sagittoidea
uniq536,Eukaryota,Chaetognatha,Sagittoidea
uniq720,Eukaryota,Chaetognatha,Sagittoidea
uniq808,Eukaryota,Chaetognatha,Sagittoidea
uniq895,Eukaryota,Chaetognatha,Sagittoidea
uniq1298,Eukaryota,Chaetognatha,Sagittoidea
uniq1300,Eukaryota,Chaetognatha,Sagittoidea
uniq1377,Eukaryota,Chaetognatha,Sagittoidea
uniq1397,Eukaryota,Chaetognatha,Sagittoidea
uniq1579,Eukaryota,Chaetognatha,Sagittoidea
uniq1665,Eukaryota,Chaetognatha,Sagittoidea
uniq1746,Eukaryota,Chaetognatha,Sagittoidea
uniq1769,Eukaryota,Chaetognatha,Sagittoidea
uniq1912,Eukaryota,Chaetognatha,Sagittoidea
uniq2352,Eukaryota,Chaetognatha,Sagittoidea
uniq2607,Eukaryota,Chaetognatha,Sagittoidea
uniq2639,Eukaryota,Chaetognatha,Sagittoidea
uniq2667,Eukaryota,Chaetognatha,Sagittoidea
uniq3050,Eukaryota,Chaetognatha,Sagittoidea
uniq3107,Eukaryota,Chaetognatha,Sagittoidea
uniq3133,Eukaryota,Chaetognatha,Sagittoidea
uniq3168,Eukaryota,Chaetognatha,Sagittoidea
uniq3266,Eukaryota,Chaetognatha,Sagittoidea
uniq4132,Eukaryota,Chaetognatha,Sagittoidea
uniq4268,Eukaryota,Chaetognatha,Sagittoidea
uniq4259,Eukaryota,Chaetognatha,Sagittoidea
uniq4267,Eukaryota,Chaetognatha,Sagittoidea
uniq4363,Eukaryota,Chaetognatha,Sagittoidea
uniq4467,Eukaryota,Chaetognatha,Sagittoidea
uniq4490,Eukaryota,Chaetognatha,Sagittoidea
uniq5486,Eukaryota,Chaetognatha,Sagittoidea
uniq4728,Eukaryota,Chaetognatha,Sagittoidea
uniq5425,Eukaryota,Chaetognatha,Sagittoidea
uniq4816,Eukaryota,Chaetognatha,Sagittoidea
uniq6943,Eukaryota,Chaetognatha,Sagittoidea
uniq5525,Eukaryota,Chaetognatha,Sagittoidea
uniq6238,Eukaryota,Chaetognatha,Sagittoidea
uniq6432,Eukaryota,Chaetognatha,Sagittoidea
uniq6445,Eukaryota,Chaetognatha,Sagittoidea
uniq6644,Eukaryota,Chaetognatha,Sagittoidea
uniq6868,Eukaryota,Chaetognatha,Sagittoidea
uniq6944,Eukaryota,Chaetognatha,Sagittoidea
uniq8605,Eukaryota,Chaetognatha,Sagittoidea
uniq8417,Eukaryota,Chaetognatha,Sagittoidea
uniq7465,Eukaryota,Chaetognatha,Sagittoidea
uniq7520,Eukaryota,Chaetognatha,Sagittoidea
uniq7567,Eukaryota,Chaetognatha,Sagittoidea
uniq7820,Eukaryota,Chaetognatha,Sagittoidea
uniq7880,Eukaryota,Chaetognatha,Sagittoidea
uniq8106,Eukaryota,Chaetognatha,Sagittoidea
uniq11115,Eukaryota,Chaetognatha,Sagittoidea
uniq8643,Eukaryota,Chaetognatha,Sagittoidea
uniq8706,Eukaryota,Chaetognatha,Sagittoidea
uniq8714,Eukaryota,Chaetognatha,Sagittoidea
uniq8750,Eukaryota,Chaetognatha,Sagittoidea
uniq9108,Eukaryota,Chaetognatha,Sagittoidea
uniq9855,Eukaryota,Chaetognatha,Sagittoidea
uniq9872,Eukaryota,Chaetognatha,Sagittoidea
uniq10479,Eukaryota,Chaetognatha,Sagittoidea
uniq11383,Eukaryota,Chaetognatha,Sagittoidea
uniq15890,Eukaryota,Chaetognatha,Sagittoidea
uniq11626,Eukaryota,Chaetognatha,Sagittoidea
uniq12770,Eukaryota,Chaetognatha,Sagittoidea
uniq15830,Eukaryota,Chaetognatha,Sagittoidea
uniq12866,Eukaryota,Chaetognatha,Sagittoidea
uniq13146,Eukaryota,Chaetognatha,Sagittoidea
uniq13429,Eukaryota,Chaetognatha,Sagittoidea
uniq14519,Eukaryota,Chaetognatha,Sagittoidea
uniq14598,Eukaryota,Chaetognatha,Sagittoidea
uniq15510,Eukaryota,Chaetognatha,Sagittoidea
uniq17013,Eukaryota,Chaetognatha,Sagittoidea
uniq18694,Eukaryota,Chaetognatha,Sagittoidea
uniq19070,Eukaryota,Chaetognatha,Sagittoidea
uniq19302,Eukaryota,Chaetognatha,Sagittoidea
uniq20224,Eukaryota,Chaetognatha,Sagittoidea
uniq20297,Eukaryota,Chaetognatha,Sagittoidea
uniq20440,Eukaryota,Chaetognatha,Sagittoidea
uniq23757,Eukaryota,Chaetognatha,Sagittoidea
uniq26355,Eukaryota,Chaetognatha,Sagittoidea
uniq26509,Eukaryota,Chaetognatha,Sagittoidea
uniq27527,Eukaryota,Chaetognatha,Sagittoidea
uniq30090,Eukaryota,Chaetognatha,Sagittoidea
uniq31285,Eukaryota,Chaetognatha,Sagittoidea
uniq32669,Eukaryota,Chaetognatha,Sagittoidea
uniq33060,Eukaryota,Chaetognatha,Sagittoidea
uniq33567,Eukaryota,Chaetognatha,Sagittoidea
uniq34038,Eukaryota,Chaetognatha,Sagittoidea
uniq34445,Eukaryota,Chaetognatha,Sagittoidea
uniq36216,Eukaryota,Chaetognatha,Sagittoidea
uniq36764,Eukaryota,Chaetognatha,Sagittoidea
uniq37694,Eukaryota,Chaetognatha,Sagittoidea
uniq38653,Eukaryota,Chaetognatha,Sagittoidea
uniq39784,Eukaryota,Chaetognatha,Sagittoidea
uniq39999,Eukaryota,Chaetognatha,Sagittoidea
uniq40875,Eukaryota,Chaetognatha,Sagittoidea
uniq41525,Eukaryota,Chaetognatha,Sagittoidea
uniq43529,Eukaryota,Chaetognatha,Sagittoidea
uniq45191,Eukaryota,Chaetognatha,Sagittoidea
uniq47904,Eukaryota,Chaetognatha,Sagittoidea
uniq18,Eukaryota,Chaetognatha,Sagittoidea
uniq16038,Eukaryota,Chaetognatha,Sagittoidea
uniq426,Eukaryota,Chaetognatha,Sagittoidea
uniq449,Eukaryota,Chaetognatha,Sagittoidea
uniq810,Eukaryota,Chaetognatha,Sagittoidea
uniq4988,Eukaryota,Chaetognatha,Sagittoidea
uniq12632,Eukaryota,Chaetognatha,Sagittoidea
uniq20482,Eukaryota,Chaetognatha,Sagittoidea
uniq31034,Eukaryota,Chaetognatha,Sagittoidea
uniq34091,Eukaryota,Chaetognatha,Sagittoidea
uniq36872,Eukaryota,Chaetognatha,Sagittoidea
uniq39,Eukaryota,Chaetognatha,Sagittoidea
uniq107,Eukaryota,Chaetognatha,Sagittoidea
uniq89,Eukaryota,Chaetognatha,Sagittoidea
uniq192,Eukaryota,Chaetognatha,Sagittoidea
uniq160,Eukaryota,Chaetognatha,Sagittoidea
uniq164,Eukaryota,Chaetognatha,Sagittoidea
uniq170,Eukaryota,Chaetognatha,Sagittoidea
uniq288,Eukaryota,Chaetognatha,Sagittoidea
uniq636,Eukaryota,Chaetognatha,Sagittoidea
uniq461,Eukaryota,Chaetognatha,Sagittoidea
uniq388,Eukaryota,Chaetognatha,Sagittoidea
uniq401,Eukaryota,Chaetognatha,Sagittoidea
uniq414,Eukaryota,Chaetognatha,Sagittoidea
uniq641,Eukaryota,Chaetognatha,Sagittoidea
uniq797,Eukaryota,Chaetognatha,Sagittoidea
uniq831,Eukaryota,Chaetognatha,Sagittoidea
uniq910,Eukaryota,Chaetognatha,Sagittoidea
uniq945,Eukaryota,Chaetognatha,Sagittoidea
uniq1709,Eukaryota,Chaetognatha,Sagittoidea
uniq1138,Eukaryota,Chaetognatha,Sagittoidea
uniq1278,Eukaryota,Chaetognatha,Sagittoidea
uniq1330,Eukaryota,Chaetognatha,Sagittoidea
uniq1356,Eukaryota,Chaetognatha,Sagittoidea
uniq1482,Eukaryota,Chaetognatha,Sagittoidea
uniq1659,Eukaryota,Chaetognatha,Sagittoidea
uniq1685,Eukaryota,Chaetognatha,Sagittoidea
uniq2612,Eukaryota,Chaetognatha,Sagittoidea
uniq1856,Eukaryota,Chaetognatha,Sagittoidea
uniq2102,Eukaryota,Chaetognatha,Sagittoidea
uniq2148,Eukaryota,Chaetognatha,Sagittoidea
uniq2254,Eukaryota,Chaetognatha,Sagittoidea
uniq3420,Eukaryota,Chaetognatha,Sagittoidea
uniq2437,Eukaryota,Chaetognatha,Sagittoidea
uniq2651,Eukaryota,Chaetognatha,Sagittoidea
uniq2838,Eukaryota,Chaetognatha,Sagittoidea
uniq2852,Eukaryota,Chaetognatha,Sagittoidea
uniq2901,Eukaryota,Chaetognatha,Sagittoidea
uniq2934,Eukaryota,Chaetognatha,Sagittoidea
uniq4605,Eukaryota,Chaetognatha,Sagittoidea
uniq3010,Eukaryota,Chaetognatha,Sagittoidea
uniq5545,Eukaryota,Chaetognatha,Sagittoidea
uniq3973,Eukaryota,Chaetognatha,Sagittoidea
uniq3408,Eukaryota,Chaetognatha,Sagittoidea
uniq3440,Eukaryota,Chaetognatha,Sagittoidea
uniq3471,Eukaryota,Chaetognatha,Sagittoidea
uniq3751,Eukaryota,Chaetognatha,Sagittoidea
uniq5449,Eukaryota,Chaetognatha,Sagittoidea
uniq3867,Eukaryota,Chaetognatha,Sagittoidea
uniq3979,Eukaryota,Chaetognatha,Sagittoidea
uniq4750,Eukaryota,Chaetognatha,Sagittoidea
uniq4382,Eukaryota,Chaetognatha,Sagittoidea
uniq4552,Eukaryota,Chaetognatha,Sagittoidea
uniq4997,Eukaryota,Chaetognatha,Sagittoidea
uniq5560,Eukaryota,Chaetognatha,Sagittoidea
uniq7099,Eukaryota,Chaetognatha,Sagittoidea
uniq6386,Eukaryota,Chaetognatha,Sagittoidea
uniq6410,Eukaryota,Chaetognatha,Sagittoidea
uniq6493,Eukaryota,Chaetognatha,Sagittoidea
uniq6586,Eukaryota,Chaetognatha,Sagittoidea
uniq7329,Eukaryota,Chaetognatha,Sagittoidea
uniq7434,Eukaryota,Chaetognatha,Sagittoidea
uniq7558,Eukaryota,Chaetognatha,Sagittoidea
uniq7694,Eukaryota,Chaetognatha,Sagittoidea
uniq7737,Eukaryota,Chaetognatha,Sagittoidea
uniq7831,Eukaryota,Chaetognatha,Sagittoidea
uniq7874,Eukaryota,Chaetognatha,Sagittoidea
uniq9098,Eukaryota,Chaetognatha,Sagittoidea
uniq8105,Eukaryota,Chaetognatha,Sagittoidea
uniq17888,Eukaryota,Chaetognatha,Sagittoidea
uniq8199,Eukaryota,Chaetognatha,Sagittoidea
uniq9408,Eukaryota,Chaetognatha,Sagittoidea
uniq9778,Eukaryota,Chaetognatha,Sagittoidea
uniq9798,Eukaryota,Chaetognatha,Sagittoidea
uniq10282,Eukaryota,Chaetognatha,Sagittoidea
uniq10615,Eukaryota,Chaetognatha,Sagittoidea
uniq10801,Eukaryota,Chaetognatha,Sagittoidea
uniq10900,Eukaryota,Chaetognatha,Sagittoidea
uniq12194,Eukaryota,Chaetognatha,Sagittoidea
uniq12764,Eukaryota,Chaetognatha,Sagittoidea
uniq13416,Eukaryota,Chaetognatha,Sagittoidea
uniq20675,Eukaryota,Chaetognatha,Sagittoidea
uniq14720,Eukaryota,Chaetognatha,Sagittoidea
uniq14909,Eukaryota,Chaetognatha,Sagittoidea
uniq15078,Eukaryota,Chaetognatha,Sagittoidea
uniq15095,Eukaryota,Chaetognatha,Sagittoidea
uniq15201,Eukaryota,Chaetognatha,Sagittoidea
uniq15397,Eukaryota,Chaetognatha,Sagittoidea
uniq20051,Eukaryota,Chaetognatha,Sagittoidea
uniq15530,Eukaryota,Chaetognatha,Sagittoidea
uniq16000,Eukaryota,Chaetognatha,Sagittoidea
uniq16709,Eukaryota,Chaetognatha,Sagittoidea
uniq17124,Eukaryota,Chaetognatha,Sagittoidea
uniq17454,Eukaryota,Chaetognatha,Sagittoidea
uniq17464,Eukaryota,Chaetognatha,Sagittoidea
uniq19560,Eukaryota,Chaetognatha,Sagittoidea
uniq21563,Eukaryota,Chaetognatha,Sagittoidea
uniq21951,Eukaryota,Chaetognatha,Sagittoidea
uniq21981,Eukaryota,Chaetognatha,Sagittoidea
uniq22129,Eukaryota,Chaetognatha,Sagittoidea
uniq22188,Eukaryota,Chaetognatha,Sagittoidea
uniq22301,Eukaryota,Chaetognatha,Sagittoidea
uniq23710,Eukaryota,Chaetognatha,Sagittoidea
uniq24078,Eukaryota,Chaetognatha,Sagittoidea
uniq24140,Eukaryota,Chaetognatha,Sagittoidea
uniq24567,Eukaryota,Chaetognatha,Sagittoidea
uniq24632,Eukaryota,Chaetognatha,Sagittoidea
uniq25226,Eukaryota,Chaetognatha,Sagittoidea
uniq25219,Eukaryota,Chaetognatha,Sagittoidea
uniq25252,Eukaryota,Chaetognatha,Sagittoidea
uniq25726,Eukaryota,Chaetognatha,Sagittoidea
uniq25779,Eukaryota,Chaetognatha,Sagittoidea
uniq26710,Eukaryota,Chaetognatha,Sagittoidea
uniq26784,Eukaryota,Chaetognatha,Sagittoidea
uniq27871,Eukaryota,Chaetognatha,Sagittoidea
uniq28468,Eukaryota,Chaetognatha,Sagittoidea
uniq29298,Eukaryota,Chaetognatha,Sagittoidea
uniq29464,Eukaryota,Chaetognatha,Sagittoidea
uniq29610,Eukaryota,Chaetognatha,Sagittoidea
uniq30032,Eukaryota,Chaetognatha,Sagittoidea
uniq30102,Eukaryota,Chaetognatha,Sagittoidea
uniq30509,Eukaryota,Chaetognatha,Sagittoidea
uniq33012,Eukaryota,Chaetognatha,Sagittoidea
uniq33453,Eukaryota,Chaetognatha,Sagittoidea
uniq35446,Eukaryota,Chaetognatha,Sagittoidea
uniq35812,Eukaryota,Chaetognatha,Sagittoidea
uniq36987,Eukaryota,Chaetognatha,Sagittoidea
uniq37237,Eukaryota,Chaetognatha,Sagittoidea
uniq38309,Eukaryota,Chaetognatha,Sagittoidea
uniq39142,Eukaryota,Chaetognatha,Sagittoidea
uniq39519,Eukaryota,Chaetognatha,Sagittoidea
uniq39638,Eukaryota,Chaetognatha,Sagittoidea
uniq39828,Eukaryota,Chaetognatha,Sagittoidea
uniq39859,Eukaryota,Chaetognatha,Sagittoidea
uniq40096,Eukaryota,Chaetognatha,Sagittoidea
uniq42443,Eukaryota,Chaetognatha,Sagittoidea
uniq44519,Eukaryota,Chaetognatha,Sagittoidea
uniq45238,Eukaryota,Chaetognatha,Sagittoidea
uniq45255,Eukaryota,Chaetognatha,Sagittoidea
uniq45899,Eukaryota,Chaetognatha,Sagittoidea
uniq48407,Eukaryota,Chaetognatha,Sagittoidea
uniq48587,Eukaryota,Chaetognatha,Sagittoidea
uniq48784,Eukaryota,Chaetognatha,Sagittoidea
uniq49282,Eukaryota,Chaetognatha,Sagittoidea
uniq49434,Eukaryota,Chaetognatha,Sagittoidea
uniq51592,Eukaryota,Chaetognatha,Sagittoidea
uniq1521,Eukaryota,Chaetognatha,Chaetognatha
uniq12566,Eukaryota,Chaetognatha,Chaetognatha
uniq21035,Eukaryota,Chaetognatha,Chaetognatha
uniq48546,Eukaryota,Chaetognatha,Chaetognatha
uniq55,Eukaryota,Chordata,Chordata
uniq92,Eukaryota,Chordata,Chordata
uniq284,Eukaryota,Chordata,Chordata
uniq806,Eukaryota,Chordata,Chordata
uniq11358,Eukaryota,Chordata,Chordata
uniq125,Eukaryota,Chordata,Actinopteri
uniq3197,Eukaryota,Chordata,Actinopteri
uniq8119,Eukaryota,Chordata,Actinopteri
uniq51152,Eukaryota,Chordata,Actinopteri
uniq4717,Eukaryota,Chordata,Actinopteri
uniq6314,Eukaryota,Chordata,Actinopteri
uniq42205,Eukaryota,Chordata,Actinopteri
uniq297,Eukaryota,Chordata,Actinopteri
uniq624,Eukaryota,Chordata,Actinopteri
uniq1435,Eukaryota,Chordata,Actinopteri
uniq3573,Eukaryota,Chordata,Actinopteri
uniq448,Eukaryota,Chordata,Actinopteri
uniq9353,Eukaryota,Chordata,Actinopteri
uniq75,Eukaryota,Chordata,Actinopteri
uniq177,Eukaryota,Chordata,Actinopteri
uniq889,Eukaryota,Chordata,Actinopteri
uniq1812,Eukaryota,Chordata,Actinopteri
uniq2509,Eukaryota,Chordata,Actinopteri
uniq8158,Eukaryota,Chordata,Actinopteri
uniq17931,Eukaryota,Chordata,Actinopteri
uniq18009,Eukaryota,Chordata,Actinopteri
uniq42856,Eukaryota,Chordata,Actinopteri
uniq208,Eukaryota,Chordata,Actinopteri
uniq1959,Eukaryota,Chordata,Actinopteri
uniq163,Eukaryota,Chordata,Actinopteri
uniq49432,Eukaryota,Chordata,Actinopteri
uniq1644,Eukaryota,Chordata,Actinopteri
uniq470,Eukaryota,Chordata,Actinopteri
uniq38222,Eukaryota,Chordata,Actinopteri
uniq51381,Eukaryota,Chordata,Actinopteri
uniq236,Eukaryota,Chordata,Actinopteri
uniq2780,Eukaryota,Chordata,Actinopteri
uniq3384,Eukaryota,Chordata,Actinopteri
uniq51424,Eukaryota,Chordata,Actinopteri
uniq3999,Eukaryota,Chordata,Actinopteri
uniq4615,Eukaryota,Chordata,Actinopteri
uniq106,Eukaryota,Chordata,Actinopteri
uniq1800,Eukaryota,Chordata,Actinopteri
uniq2241,Eukaryota,Chordata,Actinopteri
uniq3515,Eukaryota,Chordata,Actinopteri
uniq8206,Eukaryota,Chordata,Actinopteri
uniq2804,Eukaryota,Chordata,Actinopteri
uniq4839,Eukaryota,Chordata,Actinopteri
uniq540,Eukaryota,Chordata,Actinopteri
uniq3949,Eukaryota,Chordata,Actinopteri
uniq30430,Eukaryota,Chordata,Actinopteri
uniq13604,Eukaryota,Chordata,Actinopteri
uniq1429,Eukaryota,Chordata,Actinopteri
uniq2532,Eukaryota,Chordata,Actinopteri
uniq14352,Eukaryota,Chordata,Actinopteri
uniq1500,Eukaryota,Chordata,Actinopteri
uniq22,Eukaryota,Chordata,Actinopteri
uniq377,Eukaryota,Chordata,Actinopteri
uniq44741,Eukaryota,Chordata,Actinopteri
uniq317,Eukaryota,Chordata,Actinopteri
uniq322,Eukaryota,Chordata,Actinopteri
uniq27,Eukaryota,Chordata,Actinopteri
uniq59,Eukaryota,Chordata,Actinopteri
uniq586,Eukaryota,Chordata,Actinopteri
uniq1572,Eukaryota,Chordata,Actinopteri
uniq1568,Eukaryota,Chordata,Actinopteri
uniq40913,Eukaryota,Chordata,Actinopteri
uniq507,Eukaryota,Chordata,Actinopteri
uniq40331,Eukaryota,Chordata,Actinopteri
uniq248,Eukaryota,Chordata,Actinopteri
uniq2816,Eukaryota,Chordata,Actinopteri
uniq149,Eukaryota,Chordata,Actinopteri
uniq230,Eukaryota,Chordata,Actinopteri
uniq567,Eukaryota,Chordata,Actinopteri
uniq629,Eukaryota,Chordata,Actinopteri
uniq775,Eukaryota,Chordata,Actinopteri
uniq3828,Eukaryota,Chordata,Actinopteri
uniq6896,Eukaryota,Chordata,Actinopteri
uniq17997,Eukaryota,Chordata,Actinopteri
uniq35820,Eukaryota,Chordata,Actinopteri
uniq8650,Eukaryota,Chordata,Actinopteri
uniq1979,Eukaryota,Chordata,Actinopteri
uniq6266,Eukaryota,Chordata,Actinopteri
uniq10954,Eukaryota,Chordata,Actinopteri
uniq10137,Eukaryota,Chordata,Actinopteri
uniq20037,Eukaryota,Chordata,Actinopteri
uniq33357,Eukaryota,Chordata,Actinopteri
uniq4502,Eukaryota,Chordata,Actinopteri
uniq370,Eukaryota,Chordata,Actinopteri
uniq517,Eukaryota,Chordata,Actinopteri
uniq1513,Eukaryota,Chordata,Actinopteri
uniq572,Eukaryota,Chordata,Actinopteri
uniq950,Eukaryota,Chordata,Actinopteri
uniq2209,Eukaryota,Chordata,Actinopteri
uniq870,Eukaryota,Chordata,Actinopteri
uniq944,Eukaryota,Chordata,Actinopteri
uniq1624,Eukaryota,Chordata,Actinopteri
uniq132,Eukaryota,Chordata,Actinopteri
uniq17022,Eukaryota,Chordata,Actinopteri
uniq380,Eukaryota,Chordata,Actinopteri
uniq431,Eukaryota,Chordata,Actinopteri
uniq11431,Eukaryota,Chordata,Actinopteri
uniq32420,Eukaryota,Chordata,Actinopteri
uniq9548,Eukaryota,Chordata,Actinopteri
uniq29643,Eukaryota,Chordata,Actinopteri
uniq18610,Eukaryota,Chordata,Actinopteri
uniq1012,Eukaryota,Chordata,Actinopteri
uniq15803,Eukaryota,Chordata,Actinopteri
uniq813,Eukaryota,Chordata,Actinopteri
uniq7655,Eukaryota,Chordata,Actinopteri
uniq2666,Eukaryota,Chordata,Actinopteri
uniq3537,Eukaryota,Chordata,Actinopteri
uniq265,Eukaryota,Chordata,Actinopteri
uniq181,Eukaryota,Chordata,Actinopteri
uniq1552,Eukaryota,Chordata,Actinopteri
uniq40029,Eukaryota,Chordata,Ascidiacea
uniq20756,Eukaryota,Chordata,Leptocardii
uniq29660,Eukaryota,Chordata,Mammalia
uniq1365,Eukaryota,Cnidaria,Cnidaria
uniq3364,Eukaryota,Cnidaria,Cnidaria
uniq3328,Eukaryota,Cnidaria,Cnidaria
uniq3710,Eukaryota,Cnidaria,Cnidaria
uniq4103,Eukaryota,Cnidaria,Cnidaria
uniq6165,Eukaryota,Cnidaria,Cnidaria
uniq27854,Eukaryota,Cnidaria,Cnidaria
uniq11027,Eukaryota,Cnidaria,Cnidaria
uniq37521,Eukaryota,Cnidaria,Cnidaria
uniq46353,Eukaryota,Cnidaria,Cnidaria
uniq80,Eukaryota,Cnidaria,Anthozoa
uniq286,Eukaryota,Cnidaria,Anthozoa
uniq736,Eukaryota,Cnidaria,Anthozoa
uniq898,Eukaryota,Cnidaria,Anthozoa
uniq3000,Eukaryota,Cnidaria,Anthozoa
uniq7345,Eukaryota,Cnidaria,Anthozoa
uniq13715,Eukaryota,Cnidaria,Anthozoa
uniq11649,Eukaryota,Cnidaria,Anthozoa
uniq12302,Eukaryota,Cnidaria,Anthozoa
uniq16181,Eukaryota,Cnidaria,Anthozoa
uniq29580,Eukaryota,Cnidaria,Anthozoa
uniq18956,Eukaryota,Cnidaria,Anthozoa
uniq20024,Eukaryota,Cnidaria,Anthozoa
uniq32794,Eukaryota,Cnidaria,Anthozoa
uniq529,Eukaryota,Cnidaria,Anthozoa
uniq4497,Eukaryota,Cnidaria,Anthozoa
uniq7755,Eukaryota,Cnidaria,Anthozoa
uniq13677,Eukaryota,Cnidaria,Anthozoa
uniq35248,Eukaryota,Cnidaria,Anthozoa
uniq48387,Eukaryota,Cnidaria,Anthozoa
uniq31643,Eukaryota,Cnidaria,Anthozoa
uniq3055,Eukaryota,Cnidaria,Anthozoa
uniq5341,Eukaryota,Cnidaria,Anthozoa
uniq8448,Eukaryota,Cnidaria,Anthozoa
uniq14628,Eukaryota,Cnidaria,Anthozoa
uniq12723,Eukaryota,Cnidaria,Anthozoa
uniq167,Eukaryota,Cnidaria,Anthozoa
uniq32366,Eukaryota,Cnidaria,Anthozoa
uniq12127,Eukaryota,Cnidaria,Anthozoa
uniq5321,Eukaryota,Cnidaria,Anthozoa
uniq5935,Eukaryota,Cnidaria,Anthozoa
uniq14661,Eukaryota,Cnidaria,Anthozoa
uniq5479,Eukaryota,Cnidaria,Anthozoa
uniq9849,Eukaryota,Cnidaria,Anthozoa
uniq15058,Eukaryota,Cnidaria,Anthozoa
uniq24710,Eukaryota,Cnidaria,Anthozoa
uniq12020,Eukaryota,Cnidaria,Anthozoa
uniq19305,Eukaryota,Cnidaria,Anthozoa
uniq4572,Eukaryota,Cnidaria,Anthozoa
uniq5471,Eukaryota,Cnidaria,Anthozoa
uniq10327,Eukaryota,Cnidaria,Anthozoa
uniq13219,Eukaryota,Cnidaria,Anthozoa
uniq10988,Eukaryota,Cnidaria,Anthozoa
uniq21451,Eukaryota,Cnidaria,Anthozoa
uniq39650,Eukaryota,Cnidaria,Anthozoa
uniq30383,Eukaryota,Cnidaria,Anthozoa
uniq18858,Eukaryota,Cnidaria,Anthozoa
uniq14481,Eukaryota,Cnidaria,Anthozoa
uniq27257,Eukaryota,Cnidaria,Anthozoa
uniq36877,Eukaryota,Cnidaria,Anthozoa
uniq1547,Eukaryota,Cnidaria,Anthozoa
uniq2724,Eukaryota,Cnidaria,Anthozoa
uniq7513,Eukaryota,Cnidaria,Anthozoa
uniq41891,Eukaryota,Cnidaria,Anthozoa
uniq648,Eukaryota,Cnidaria,Anthozoa
uniq1106,Eukaryota,Cnidaria,Anthozoa
uniq3708,Eukaryota,Cnidaria,Anthozoa
uniq43736,Eukaryota,Cnidaria,Anthozoa
uniq6289,Eukaryota,Cnidaria,Hydrozoa
uniq48576,Eukaryota,Cnidaria,Hydrozoa
uniq48640,Eukaryota,Cnidaria,Hydrozoa
uniq50762,Eukaryota,Cnidaria,Hydrozoa
uniq33786,Eukaryota,Cnidaria,Hydrozoa
uniq51671,Eukaryota,Cnidaria,Hydrozoa
uniq8256,Eukaryota,Cnidaria,Hydrozoa
uniq23860,Eukaryota,Cnidaria,Hydrozoa
uniq29294,Eukaryota,Cnidaria,Hydrozoa
uniq36382,Eukaryota,Cnidaria,Hydrozoa
uniq21665,Eukaryota,Cnidaria,Hydrozoa
uniq44843,Eukaryota,Cnidaria,Hydrozoa
uniq44790,Eukaryota,Cnidaria,Hydrozoa
uniq23938,Eukaryota,Cnidaria,Hydrozoa
uniq11754,Eukaryota,Cnidaria,Hydrozoa
uniq4089,Eukaryota,Cnidaria,Hydrozoa
uniq10922,Eukaryota,Cnidaria,Hydrozoa
uniq20525,Eukaryota,Cnidaria,Hydrozoa
uniq22833,Eukaryota,Cnidaria,Hydrozoa
uniq40685,Eukaryota,Cnidaria,Hydrozoa
uniq825,Eukaryota,Cnidaria,Hydrozoa
uniq6400,Eukaryota,Cnidaria,Hydrozoa
uniq6812,Eukaryota,Cnidaria,Hydrozoa
uniq40773,Eukaryota,Cnidaria,Hydrozoa
uniq42662,Eukaryota,Cnidaria,Hydrozoa
uniq11211,Eukaryota,Cnidaria,Hydrozoa
uniq15131,Eukaryota,Cnidaria,Hydrozoa
uniq15387,Eukaryota,Cnidaria,Hydrozoa
uniq43708,Eukaryota,Cnidaria,Hydrozoa
uniq15565,Eukaryota,Cnidaria,Hydrozoa
uniq2910,Eukaryota,Cnidaria,Hydrozoa
uniq3609,Eukaryota,Cnidaria,Hydrozoa
uniq5238,Eukaryota,Cnidaria,Hydrozoa
uniq7341,Eukaryota,Cnidaria,Hydrozoa
uniq15305,Eukaryota,Cnidaria,Hydrozoa
uniq19901,Eukaryota,Cnidaria,Hydrozoa
uniq26439,Eukaryota,Cnidaria,Hydrozoa
uniq33514,Eukaryota,Cnidaria,Hydrozoa
uniq1144,Eukaryota,Cnidaria,Hydrozoa
uniq29871,Eukaryota,Cnidaria,Hydrozoa
uniq876,Eukaryota,Cnidaria,Hydrozoa
uniq3373,Eukaryota,Cnidaria,Hydrozoa
uniq20788,Eukaryota,Cnidaria,Hydrozoa
uniq737,Eukaryota,Cnidaria,Hydrozoa
uniq3146,Eukaryota,Cnidaria,Hydrozoa
uniq22548,Eukaryota,Cnidaria,Hydrozoa
uniq555,Eukaryota,Cnidaria,Hydrozoa
uniq2505,Eukaryota,Cnidaria,Hydrozoa
uniq41300,Eukaryota,Cnidaria,Hydrozoa
uniq1219,Eukaryota,Cnidaria,Hydrozoa
uniq1953,Eukaryota,Cnidaria,Hydrozoa
uniq22947,Eukaryota,Cnidaria,Hydrozoa
uniq29608,Eukaryota,Cnidaria,Hydrozoa
uniq42952,Eukaryota,Cnidaria,Hydrozoa
uniq43372,Eukaryota,Cnidaria,Hydrozoa
uniq11209,Eukaryota,Cnidaria,Hydrozoa
uniq14123,Eukaryota,Cnidaria,Hydrozoa
uniq17497,Eukaryota,Cnidaria,Hydrozoa
uniq29160,Eukaryota,Cnidaria,Hydrozoa
uniq31684,Eukaryota,Cnidaria,Hydrozoa
uniq33164,Eukaryota,Cnidaria,Hydrozoa
uniq3750,Eukaryota,Cnidaria,Hydrozoa
uniq43540,Eukaryota,Cnidaria,Hydrozoa
uniq7698,Eukaryota,Cnidaria,Hydrozoa
uniq473,Eukaryota,Cnidaria,Hydrozoa
uniq5039,Eukaryota,Cnidaria,Hydrozoa
uniq512,Eukaryota,Cnidaria,Hydrozoa
uniq698,Eukaryota,Cnidaria,Hydrozoa
uniq4200,Eukaryota,Cnidaria,Hydrozoa
uniq7898,Eukaryota,Cnidaria,Hydrozoa
uniq10708,Eukaryota,Cnidaria,Hydrozoa
uniq9945,Eukaryota,Cnidaria,Hydrozoa
uniq23214,Eukaryota,Cnidaria,Hydrozoa
uniq28532,Eukaryota,Cnidaria,Hydrozoa
uniq31017,Eukaryota,Cnidaria,Hydrozoa
uniq36352,Eukaryota,Cnidaria,Hydrozoa
uniq40463,Eukaryota,Cnidaria,Hydrozoa
uniq7231,Eukaryota,Cnidaria,Scyphozoa
uniq29126,Eukaryota,Cnidaria,Scyphozoa
uniq6624,Eukaryota,Cnidaria,Scyphozoa
uniq454,Eukaryota,Cnidaria,Scyphozoa
uniq3957,Eukaryota,Cnidaria,Scyphozoa
uniq4468,Eukaryota,Cnidaria,Scyphozoa
uniq5798,Eukaryota,Cnidaria,Scyphozoa
uniq9977,Eukaryota,Cnidaria,Scyphozoa
uniq6748,Eukaryota,Cnidaria,Scyphozoa
uniq8272,Eukaryota,Cnidaria,Scyphozoa
uniq9637,Eukaryota,Cnidaria,Scyphozoa
uniq14348,Eukaryota,Cnidaria,Scyphozoa
uniq22660,Eukaryota,Cnidaria,Scyphozoa
uniq22698,Eukaryota,Cnidaria,Scyphozoa
uniq25582,Eukaryota,Cnidaria,Scyphozoa
uniq27345,Eukaryota,Cnidaria,Scyphozoa
uniq28270,Eukaryota,Cnidaria,Scyphozoa
uniq32753,Eukaryota,Cnidaria,Scyphozoa
uniq34340,Eukaryota,Cnidaria,Scyphozoa
uniq39950,Eukaryota,Cnidaria,Scyphozoa
uniq43140,Eukaryota,Cnidaria,Scyphozoa
uniq50117,Eukaryota,Cnidaria,Scyphozoa
uniq29138,Eukaryota,Ctenophora,Tentaculata
uniq1263,Eukaryota,Echinodermata,Echinodermata
uniq209,Eukaryota,Echinodermata,Asteroidea
uniq11,Eukaryota,Echinodermata,Asteroidea
uniq27709,Eukaryota,Echinodermata,Asteroidea
uniq502,Eukaryota,Echinodermata,Asteroidea
uniq5,Eukaryota,Echinodermata,Asteroidea
uniq36,Eukaryota,Echinodermata,Asteroidea
uniq197,Eukaryota,Echinodermata,Asteroidea
uniq11177,Eukaryota,Echinodermata,Crinoidea
uniq50137,Eukaryota,Echinodermata,Crinoidea
uniq874,Eukaryota,Echinodermata,Crinoidea
uniq10510,Eukaryota,Echinodermata,Echinoidea
uniq14416,Eukaryota,Echinodermata,Echinoidea
uniq50811,Eukaryota,Echinodermata,Echinoidea
uniq6267,Eukaryota,Echinodermata,Echinoidea
uniq5072,Eukaryota,Echinodermata,Echinoidea
uniq9128,Eukaryota,Echinodermata,Echinoidea
uniq18271,Eukaryota,Echinodermata,Echinoidea
uniq27212,Eukaryota,Echinodermata,Echinoidea
uniq5276,Eukaryota,Echinodermata,Echinoidea
uniq36780,Eukaryota,Echinodermata,Echinoidea
uniq15790,Eukaryota,Echinodermata,Echinoidea
uniq21553,Eukaryota,Echinodermata,Echinoidea
uniq14599,Eukaryota,Echinodermata,Echinoidea
uniq50063,Eukaryota,Echinodermata,Echinoidea
uniq821,Eukaryota,Echinodermata,Echinoidea
uniq2169,Eukaryota,Echinodermata,Echinoidea
uniq7089,Eukaryota,Echinodermata,Echinoidea
uniq42377,Eukaryota,Echinodermata,Echinoidea
uniq15695,Eukaryota,Echinodermata,Echinoidea
uniq39002,Eukaryota,Echinodermata,Echinoidea
uniq12570,Eukaryota,Echinodermata,Holothuroidea
uniq14,Eukaryota,Echinodermata,Holothuroidea
uniq1850,Eukaryota,Echinodermata,Holothuroidea
uniq12820,Eukaryota,Echinodermata,Holothuroidea
uniq17071,Eukaryota,Echinodermata,Holothuroidea
uniq30145,Eukaryota,Echinodermata,Holothuroidea
uniq32409,Eukaryota,Echinodermata,Holothuroidea
uniq41312,Eukaryota,Echinodermata,Holothuroidea
uniq46821,Eukaryota,Echinodermata,Holothuroidea
uniq46911,Eukaryota,Echinodermata,Holothuroidea
uniq11734,Eukaryota,Echinodermata,Holothuroidea
uniq4601,Eukaryota,Echinodermata,Holothuroidea
uniq9230,Eukaryota,Echinodermata,Holothuroidea
uniq4768,Eukaryota,Echinodermata,Holothuroidea
uniq36867,Eukaryota,Echinodermata,Holothuroidea
uniq45506,Eukaryota,Echinodermata,Holothuroidea
uniq50881,Eukaryota,Echinodermata,Holothuroidea
uniq44535,Eukaryota,Echinodermata,Holothuroidea
uniq285,Eukaryota,Echinodermata,Holothuroidea
uniq2034,Eukaryota,Echinodermata,Holothuroidea
uniq21254,Eukaryota,Echinodermata,Ophiuroidea
uniq6096,Eukaryota,Echinodermata,Ophiuroidea
uniq1847,Eukaryota,Echinodermata,Ophiuroidea
uniq6239,Eukaryota,Echinodermata,Ophiuroidea
uniq29271,Eukaryota,Echinodermata,Ophiuroidea
uniq9178,Eukaryota,Echinodermata,Ophiuroidea
uniq15382,Eukaryota,Echinodermata,Ophiuroidea
uniq18495,Eukaryota,Echinodermata,Ophiuroidea
uniq48094,Eukaryota,Echinodermata,Ophiuroidea
uniq928,Eukaryota,Echinodermata,Ophiuroidea
uniq6091,Eukaryota,Echinodermata,Ophiuroidea
uniq11160,Eukaryota,Echinodermata,Ophiuroidea
uniq21372,Eukaryota,Echinodermata,Ophiuroidea
uniq1829,Eukaryota,Echinodermata,Ophiuroidea
uniq7152,Eukaryota,Echinodermata,Ophiuroidea
uniq11815,Eukaryota,Echinodermata,Ophiuroidea
uniq1437,Eukaryota,Echinodermata,Ophiuroidea
uniq4846,Eukaryota,Echinodermata,Ophiuroidea
uniq10926,Eukaryota,Echinodermata,Ophiuroidea
uniq13215,Eukaryota,Echinodermata,Ophiuroidea
uniq16268,Eukaryota,Echinodermata,Ophiuroidea
uniq35050,Eukaryota,Echinodermata,Ophiuroidea
uniq36478,Eukaryota,Echinodermata,Ophiuroidea
uniq38757,Eukaryota,Echinodermata,Ophiuroidea
uniq50423,Eukaryota,Echinodermata,Ophiuroidea
uniq6901,Eukaryota,Echinodermata,Ophiuroidea
uniq1414,Eukaryota,Echinodermata,Ophiuroidea
uniq5487,Eukaryota,Echinodermata,Ophiuroidea
uniq6293,Eukaryota,Echinodermata,Ophiuroidea
uniq9384,Eukaryota,Echinodermata,Ophiuroidea
uniq15275,Eukaryota,Echinodermata,Ophiuroidea
uniq12366,Eukaryota,Echinodermata,Ophiuroidea
uniq13772,Eukaryota,Echinodermata,Ophiuroidea
uniq37577,Eukaryota,Echinodermata,Ophiuroidea
uniq40126,Eukaryota,Echinodermata,Ophiuroidea
uniq51344,Eukaryota,Echinodermata,Ophiuroidea
uniq7288,Eukaryota,Echinodermata,Ophiuroidea
uniq14337,Eukaryota,Echinodermata,Ophiuroidea
uniq45280,Eukaryota,Echinodermata,Ophiuroidea
uniq1838,Eukaryota,Echinodermata,Echinodermata
uniq4626,Eukaryota,Echinodermata,Echinodermata
uniq9430,Eukaryota,Echinodermata,Echinodermata
uniq38972,Eukaryota,Echinodermata,Echinodermata
uniq20102,Eukaryota,Entoprocta,Entoprocta
uniq443,Eukaryota,Hemichordata,Enteropneusta
uniq40190,Eukaryota,Hemichordata,Enteropneusta
uniq46659,Eukaryota,Hemichordata,Enteropneusta
uniq52713,Eukaryota,Hemichordata,Enteropneusta
uniq23879,Eukaryota,Mollusca,Mollusca
uniq26607,Eukaryota,Mollusca,Mollusca
uniq47987,Eukaryota,Mollusca,Mollusca
uniq1715,Eukaryota,Mollusca,Bivalvia
uniq19402,Eukaryota,Mollusca,Bivalvia
uniq23670,Eukaryota,Mollusca,Bivalvia
uniq20877,Eukaryota,Mollusca,Bivalvia
uniq13981,Eukaryota,Mollusca,Bivalvia
uniq1669,Eukaryota,Mollusca,Bivalvia
uniq6737,Eukaryota,Mollusca,Bivalvia
uniq33475,Eukaryota,Mollusca,Bivalvia
uniq6156,Eukaryota,Mollusca,Bivalvia
uniq35355,Eukaryota,Mollusca,Bivalvia
uniq36444,Eukaryota,Mollusca,Bivalvia
uniq40020,Eukaryota,Mollusca,Bivalvia
uniq6871,Eukaryota,Mollusca,Bivalvia
uniq35982,Eukaryota,Mollusca,Bivalvia
uniq13595,Eukaryota,Mollusca,Bivalvia
uniq11548,Eukaryota,Mollusca,Bivalvia
uniq28531,Eukaryota,Mollusca,Bivalvia
uniq48756,Eukaryota,Mollusca,Bivalvia
uniq40,Eukaryota,Mollusca,Bivalvia
uniq660,Eukaryota,Mollusca,Bivalvia
uniq2281,Eukaryota,Mollusca,Bivalvia
uniq1737,Eukaryota,Mollusca,Bivalvia
uniq1517,Eukaryota,Mollusca,Bivalvia
uniq3836,Eukaryota,Mollusca,Bivalvia
uniq2823,Eukaryota,Mollusca,Bivalvia
uniq3355,Eukaryota,Mollusca,Bivalvia
uniq3433,Eukaryota,Mollusca,Bivalvia
uniq7081,Eukaryota,Mollusca,Bivalvia
uniq3664,Eukaryota,Mollusca,Bivalvia
uniq4018,Eukaryota,Mollusca,Bivalvia
uniq4079,Eukaryota,Mollusca,Bivalvia
uniq11648,Eukaryota,Mollusca,Bivalvia
uniq5536,Eukaryota,Mollusca,Bivalvia
uniq11440,Eukaryota,Mollusca,Bivalvia
uniq5739,Eukaryota,Mollusca,Bivalvia
uniq5939,Eukaryota,Mollusca,Bivalvia
uniq6933,Eukaryota,Mollusca,Bivalvia
uniq7145,Eukaryota,Mollusca,Bivalvia
uniq7472,Eukaryota,Mollusca,Bivalvia
uniq7858,Eukaryota,Mollusca,Bivalvia
uniq7960,Eukaryota,Mollusca,Bivalvia
uniq12027,Eukaryota,Mollusca,Bivalvia
uniq9747,Eukaryota,Mollusca,Bivalvia
uniq9926,Eukaryota,Mollusca,Bivalvia
uniq10775,Eukaryota,Mollusca,Bivalvia
uniq13308,Eukaryota,Mollusca,Bivalvia
uniq10939,Eukaryota,Mollusca,Bivalvia
uniq11021,Eukaryota,Mollusca,Bivalvia
uniq11861,Eukaryota,Mollusca,Bivalvia
uniq15787,Eukaryota,Mollusca,Bivalvia
uniq12615,Eukaryota,Mollusca,Bivalvia
uniq13057,Eukaryota,Mollusca,Bivalvia
uniq13532,Eukaryota,Mollusca,Bivalvia
uniq13671,Eukaryota,Mollusca,Bivalvia
uniq14076,Eukaryota,Mollusca,Bivalvia
uniq14082,Eukaryota,Mollusca,Bivalvia
uniq14136,Eukaryota,Mollusca,Bivalvia
uniq14254,Eukaryota,Mollusca,Bivalvia
uniq15074,Eukaryota,Mollusca,Bivalvia
uniq15096,Eukaryota,Mollusca,Bivalvia
uniq15481,Eukaryota,Mollusca,Bivalvia
uniq16002,Eukaryota,Mollusca,Bivalvia
uniq16132,Eukaryota,Mollusca,Bivalvia
uniq16144,Eukaryota,Mollusca,Bivalvia
uniq16175,Eukaryota,Mollusca,Bivalvia
uniq16315,Eukaryota,Mollusca,Bivalvia
uniq17994,Eukaryota,Mollusca,Bivalvia
uniq18135,Eukaryota,Mollusca,Bivalvia
uniq18136,Eukaryota,Mollusca,Bivalvia
uniq19157,Eukaryota,Mollusca,Bivalvia
uniq19996,Eukaryota,Mollusca,Bivalvia
uniq20072,Eukaryota,Mollusca,Bivalvia
uniq20306,Eukaryota,Mollusca,Bivalvia
uniq20650,Eukaryota,Mollusca,Bivalvia
uniq22571,Eukaryota,Mollusca,Bivalvia
uniq23351,Eukaryota,Mollusca,Bivalvia
uniq25686,Eukaryota,Mollusca,Bivalvia
uniq25884,Eukaryota,Mollusca,Bivalvia
uniq26030,Eukaryota,Mollusca,Bivalvia
uniq26515,Eukaryota,Mollusca,Bivalvia
uniq27628,Eukaryota,Mollusca,Bivalvia
uniq28482,Eukaryota,Mollusca,Bivalvia
uniq29262,Eukaryota,Mollusca,Bivalvia
uniq29515,Eukaryota,Mollusca,Bivalvia
uniq30627,Eukaryota,Mollusca,Bivalvia
uniq30786,Eukaryota,Mollusca,Bivalvia
uniq30881,Eukaryota,Mollusca,Bivalvia
uniq35134,Eukaryota,Mollusca,Bivalvia
uniq37066,Eukaryota,Mollusca,Bivalvia
uniq38479,Eukaryota,Mollusca,Bivalvia
uniq38733,Eukaryota,Mollusca,Bivalvia
uniq39365,Eukaryota,Mollusca,Bivalvia
uniq39786,Eukaryota,Mollusca,Bivalvia
uniq40679,Eukaryota,Mollusca,Bivalvia
uniq40712,Eukaryota,Mollusca,Bivalvia
uniq41170,Eukaryota,Mollusca,Bivalvia
uniq42047,Eukaryota,Mollusca,Bivalvia
uniq42871,Eukaryota,Mollusca,Bivalvia
uniq43677,Eukaryota,Mollusca,Bivalvia
uniq43888,Eukaryota,Mollusca,Bivalvia
uniq45538,Eukaryota,Mollusca,Bivalvia
uniq45915,Eukaryota,Mollusca,Bivalvia
uniq46489,Eukaryota,Mollusca,Bivalvia
uniq47432,Eukaryota,Mollusca,Bivalvia
uniq48333,Eukaryota,Mollusca,Bivalvia
uniq48716,Eukaryota,Mollusca,Bivalvia
uniq49139,Eukaryota,Mollusca,Bivalvia
uniq49564,Eukaryota,Mollusca,Bivalvia
uniq51219,Eukaryota,Mollusca,Bivalvia
uniq51717,Eukaryota,Mollusca,Bivalvia
uniq51794,Eukaryota,Mollusca,Bivalvia
uniq2185,Eukaryota,Mollusca,Bivalvia
uniq6945,Eukaryota,Mollusca,Bivalvia
uniq38800,Eukaryota,Mollusca,Bivalvia
uniq3021,Eukaryota,Mollusca,Bivalvia
uniq21087,Eukaryota,Mollusca,Bivalvia
uniq5221,Eukaryota,Mollusca,Bivalvia
uniq34127,Eukaryota,Mollusca,Bivalvia
uniq34902,Eukaryota,Mollusca,Bivalvia
uniq365,Eukaryota,Mollusca,Gastropoda
uniq2088,Eukaryota,Mollusca,Gastropoda
uniq7072,Eukaryota,Mollusca,Gastropoda
uniq5446,Eukaryota,Mollusca,Gastropoda
uniq4203,Eukaryota,Mollusca,Gastropoda
uniq5245,Eukaryota,Mollusca,Gastropoda
uniq4577,Eukaryota,Mollusca,Gastropoda
uniq6340,Eukaryota,Mollusca,Gastropoda
uniq6524,Eukaryota,Mollusca,Gastropoda
uniq6562,Eukaryota,Mollusca,Gastropoda
uniq6862,Eukaryota,Mollusca,Gastropoda
uniq7839,Eukaryota,Mollusca,Gastropoda
uniq8143,Eukaryota,Mollusca,Gastropoda
uniq9828,Eukaryota,Mollusca,Gastropoda
uniq12537,Eukaryota,Mollusca,Gastropoda
uniq12546,Eukaryota,Mollusca,Gastropoda
uniq14562,Eukaryota,Mollusca,Gastropoda
uniq16513,Eukaryota,Mollusca,Gastropoda
uniq16979,Eukaryota,Mollusca,Gastropoda
uniq17351,Eukaryota,Mollusca,Gastropoda
uniq17706,Eukaryota,Mollusca,Gastropoda
uniq17964,Eukaryota,Mollusca,Gastropoda
uniq20965,Eukaryota,Mollusca,Gastropoda
uniq22527,Eukaryota,Mollusca,Gastropoda
uniq22761,Eukaryota,Mollusca,Gastropoda
uniq23014,Eukaryota,Mollusca,Gastropoda
uniq24113,Eukaryota,Mollusca,Gastropoda
uniq24549,Eukaryota,Mollusca,Gastropoda
uniq27472,Eukaryota,Mollusca,Gastropoda
uniq30128,Eukaryota,Mollusca,Gastropoda
uniq31727,Eukaryota,Mollusca,Gastropoda
uniq33640,Eukaryota,Mollusca,Gastropoda
uniq34771,Eukaryota,Mollusca,Gastropoda
uniq36470,Eukaryota,Mollusca,Gastropoda
uniq38291,Eukaryota,Mollusca,Gastropoda
uniq41220,Eukaryota,Mollusca,Gastropoda
uniq41393,Eukaryota,Mollusca,Gastropoda
uniq43844,Eukaryota,Mollusca,Gastropoda
uniq45098,Eukaryota,Mollusca,Gastropoda
uniq11500,Eukaryota,Mollusca,Gastropoda
uniq15552,Eukaryota,Mollusca,Gastropoda
uniq4529,Eukaryota,Mollusca,Gastropoda
uniq12717,Eukaryota,Mollusca,Gastropoda
uniq17645,Eukaryota,Mollusca,Gastropoda
uniq32243,Eukaryota,Mollusca,Gastropoda
uniq31517,Eukaryota,Mollusca,Gastropoda
uniq35662,Eukaryota,Mollusca,Gastropoda
uniq83,Eukaryota,Mollusca,Gastropoda
uniq124,Eukaryota,Mollusca,Gastropoda
uniq356,Eukaryota,Mollusca,Gastropoda
uniq375,Eukaryota,Mollusca,Gastropoda
uniq1142,Eukaryota,Mollusca,Gastropoda
uniq1806,Eukaryota,Mollusca,Gastropoda
uniq1726,Eukaryota,Mollusca,Gastropoda
uniq1770,Eukaryota,Mollusca,Gastropoda
uniq1941,Eukaryota,Mollusca,Gastropoda
uniq2602,Eukaryota,Mollusca,Gastropoda
uniq6298,Eukaryota,Mollusca,Gastropoda
uniq4095,Eukaryota,Mollusca,Gastropoda
uniq6958,Eukaryota,Mollusca,Gastropoda
uniq11195,Eukaryota,Mollusca,Gastropoda
uniq6884,Eukaryota,Mollusca,Gastropoda
uniq7622,Eukaryota,Mollusca,Gastropoda
uniq7379,Eukaryota,Mollusca,Gastropoda
uniq8054,Eukaryota,Mollusca,Gastropoda
uniq8080,Eukaryota,Mollusca,Gastropoda
uniq17686,Eukaryota,Mollusca,Gastropoda
uniq8646,Eukaryota,Mollusca,Gastropoda
uniq9371,Eukaryota,Mollusca,Gastropoda
uniq12015,Eukaryota,Mollusca,Gastropoda
uniq13783,Eukaryota,Mollusca,Gastropoda
uniq15185,Eukaryota,Mollusca,Gastropoda
uniq15417,Eukaryota,Mollusca,Gastropoda
uniq16604,Eukaryota,Mollusca,Gastropoda
uniq16782,Eukaryota,Mollusca,Gastropoda
uniq24681,Eukaryota,Mollusca,Gastropoda
uniq28135,Eukaryota,Mollusca,Gastropoda
uniq28215,Eukaryota,Mollusca,Gastropoda
uniq29309,Eukaryota,Mollusca,Gastropoda
uniq35117,Eukaryota,Mollusca,Gastropoda
uniq41518,Eukaryota,Mollusca,Gastropoda
uniq42238,Eukaryota,Mollusca,Gastropoda
uniq43358,Eukaryota,Mollusca,Gastropoda
uniq46802,Eukaryota,Mollusca,Gastropoda
uniq51687,Eukaryota,Mollusca,Gastropoda
uniq17939,Eukaryota,Mollusca,Gastropoda
uniq34817,Eukaryota,Mollusca,Gastropoda
uniq39783,Eukaryota,Mollusca,Gastropoda
uniq238,Eukaryota,Mollusca,Gastropoda
uniq22474,Eukaryota,Mollusca,Gastropoda
uniq5840,Eukaryota,Mollusca,Gastropoda
uniq51470,Eukaryota,Mollusca,Gastropoda
uniq38797,Eukaryota,Mollusca,Gastropoda
uniq52629,Eukaryota,Mollusca,Gastropoda
uniq51513,Eukaryota,Mollusca,Gastropoda
uniq3849,Eukaryota,Mollusca,Gastropoda
uniq7714,Eukaryota,Mollusca,Gastropoda
uniq5597,Eukaryota,Mollusca,Gastropoda
uniq6392,Eukaryota,Mollusca,Gastropoda
uniq14993,Eukaryota,Mollusca,Gastropoda
uniq10288,Eukaryota,Mollusca,Gastropoda
uniq12046,Eukaryota,Mollusca,Gastropoda
uniq15531,Eukaryota,Mollusca,Gastropoda
uniq21271,Eukaryota,Mollusca,Gastropoda
uniq21769,Eukaryota,Mollusca,Gastropoda
uniq23120,Eukaryota,Mollusca,Gastropoda
uniq23291,Eukaryota,Mollusca,Gastropoda
uniq25876,Eukaryota,Mollusca,Gastropoda
uniq34199,Eukaryota,Mollusca,Gastropoda
uniq34695,Eukaryota,Mollusca,Gastropoda
uniq40288,Eukaryota,Mollusca,Gastropoda
uniq44126,Eukaryota,Mollusca,Gastropoda
uniq6845,Eukaryota,Mollusca,Gastropoda
uniq8809,Eukaryota,Mollusca,Gastropoda
uniq9103,Eukaryota,Mollusca,Gastropoda
uniq35978,Eukaryota,Mollusca,Gastropoda
uniq50433,Eukaryota,Mollusca,Gastropoda
uniq3921,Eukaryota,Mollusca,Gastropoda
uniq2558,Eukaryota,Mollusca,Gastropoda
uniq11589,Eukaryota,Mollusca,Gastropoda
uniq20764,Eukaryota,Mollusca,Gastropoda
uniq11799,Eukaryota,Mollusca,Gastropoda
uniq16247,Eukaryota,Mollusca,Gastropoda
uniq12845,Eukaryota,Mollusca,Gastropoda
uniq20810,Eukaryota,Mollusca,Gastropoda
uniq23187,Eukaryota,Mollusca,Gastropoda
uniq24094,Eukaryota,Mollusca,Gastropoda
uniq24302,Eukaryota,Mollusca,Gastropoda
uniq28050,Eukaryota,Mollusca,Gastropoda
uniq31481,Eukaryota,Mollusca,Gastropoda
uniq37370,Eukaryota,Mollusca,Gastropoda
uniq39425,Eukaryota,Mollusca,Gastropoda
uniq40395,Eukaryota,Mollusca,Gastropoda
uniq49405,Eukaryota,Mollusca,Gastropoda
uniq50702,Eukaryota,Mollusca,Gastropoda
uniq34959,Eukaryota,Mollusca,Gastropoda
uniq41825,Eukaryota,Mollusca,Gastropoda
uniq10813,Eukaryota,Mollusca,Gastropoda
uniq23151,Eukaryota,Mollusca,Gastropoda
uniq38440,Eukaryota,Mollusca,Gastropoda
uniq19987,Eukaryota,Mollusca,Gastropoda
uniq16832,Eukaryota,Mollusca,Gastropoda
uniq5695,Eukaryota,Mollusca,Gastropoda
uniq13008,Eukaryota,Mollusca,Gastropoda
uniq20603,Eukaryota,Mollusca,Gastropoda
uniq31235,Eukaryota,Mollusca,Gastropoda
uniq43876,Eukaryota,Mollusca,Gastropoda
uniq8470,Eukaryota,Mollusca,Gastropoda
uniq16445,Eukaryota,Mollusca,Gastropoda
uniq19151,Eukaryota,Mollusca,Gastropoda
uniq25369,Eukaryota,Mollusca,Gastropoda
uniq1602,Eukaryota,Mollusca,Gastropoda
uniq8435,Eukaryota,Mollusca,Gastropoda
uniq6888,Eukaryota,Mollusca,Gastropoda
uniq8311,Eukaryota,Mollusca,Gastropoda
uniq14744,Eukaryota,Mollusca,Gastropoda
uniq22976,Eukaryota,Mollusca,Gastropoda
uniq46094,Eukaryota,Mollusca,Gastropoda
uniq23688,Eukaryota,Mollusca,Gastropoda
uniq16680,Eukaryota,Mollusca,Gastropoda
uniq15496,Eukaryota,Mollusca,Gastropoda
uniq31572,Eukaryota,Mollusca,Gastropoda
uniq32565,Eukaryota,Mollusca,Gastropoda
uniq33233,Eukaryota,Mollusca,Gastropoda
uniq33476,Eukaryota,Mollusca,Gastropoda
uniq47834,Eukaryota,Mollusca,Gastropoda
uniq49808,Eukaryota,Mollusca,Gastropoda
uniq29977,Eukaryota,Mollusca,Gastropoda
uniq21837,Eukaryota,Mollusca,Gastropoda
uniq2890,Eukaryota,Mollusca,Gastropoda
uniq19517,Eukaryota,Mollusca,Gastropoda
uniq34358,Eukaryota,Mollusca,Gastropoda
uniq48976,Eukaryota,Mollusca,Gastropoda
uniq22876,Eukaryota,Mollusca,Gastropoda
uniq43230,Eukaryota,Mollusca,Gastropoda
uniq8170,Eukaryota,Mollusca,Gastropoda
uniq22311,Eukaryota,Mollusca,Gastropoda
uniq41696,Eukaryota,Mollusca,Gastropoda
uniq24600,Eukaryota,Mollusca,Gastropoda
uniq9111,Eukaryota,Mollusca,Gastropoda
uniq35813,Eukaryota,Mollusca,Gastropoda
uniq7494,Eukaryota,Mollusca,Gastropoda
uniq44489,Eukaryota,Mollusca,Gastropoda
uniq46167,Eukaryota,Mollusca,Gastropoda
uniq48391,Eukaryota,Mollusca,Gastropoda
uniq14028,Eukaryota,Mollusca,Gastropoda
uniq23948,Eukaryota,Mollusca,Gastropoda
uniq13795,Eukaryota,Mollusca,Gastropoda
uniq19782,Eukaryota,Mollusca,Gastropoda
uniq29616,Eukaryota,Mollusca,Gastropoda
uniq31851,Eukaryota,Mollusca,Gastropoda
uniq34759,Eukaryota,Mollusca,Gastropoda
uniq37850,Eukaryota,Mollusca,Gastropoda
uniq47712,Eukaryota,Mollusca,Gastropoda
uniq48329,Eukaryota,Mollusca,Gastropoda
uniq35509,Eukaryota,Mollusca,Gastropoda
uniq14056,Eukaryota,Mollusca,Gastropoda
uniq52534,Eukaryota,Mollusca,Gastropoda
uniq16430,Eukaryota,Mollusca,Gastropoda
uniq43152,Eukaryota,Mollusca,Gastropoda
uniq19111,Eukaryota,Mollusca,Gastropoda
uniq30973,Eukaryota,Mollusca,Gastropoda
uniq13240,Eukaryota,Mollusca,Gastropoda
uniq24312,Eukaryota,Mollusca,Gastropoda
uniq2461,Eukaryota,Mollusca,Gastropoda
uniq5945,Eukaryota,Mollusca,Gastropoda
uniq7261,Eukaryota,Mollusca,Gastropoda
uniq9253,Eukaryota,Mollusca,Gastropoda
uniq1230,Eukaryota,Mollusca,Gastropoda
uniq21406,Eukaryota,Mollusca,Gastropoda
uniq610,Eukaryota,Mollusca,Gastropoda
uniq1641,Eukaryota,Mollusca,Gastropoda
uniq3727,Eukaryota,Mollusca,Gastropoda
uniq8729,Eukaryota,Mollusca,Gastropoda
uniq6820,Eukaryota,Mollusca,Gastropoda
uniq17363,Eukaryota,Mollusca,Gastropoda
uniq18143,Eukaryota,Mollusca,Gastropoda
uniq18369,Eukaryota,Mollusca,Gastropoda
uniq20683,Eukaryota,Mollusca,Gastropoda
uniq2472,Eukaryota,Mollusca,Gastropoda
uniq2132,Eukaryota,Mollusca,Gastropoda
uniq3229,Eukaryota,Mollusca,Gastropoda
uniq5163,Eukaryota,Mollusca,Gastropoda
uniq18520,Eukaryota,Mollusca,Gastropoda
uniq17267,Eukaryota,Mollusca,Gastropoda
uniq20441,Eukaryota,Mollusca,Gastropoda
uniq27455,Eukaryota,Mollusca,Gastropoda
uniq42517,Eukaryota,Mollusca,Gastropoda
uniq49462,Eukaryota,Mollusca,Gastropoda
uniq537,Eukaryota,Mollusca,Gastropoda
uniq3232,Eukaryota,Mollusca,Gastropoda
uniq11250,Eukaryota,Mollusca,Gastropoda
uniq11652,Eukaryota,Mollusca,Gastropoda
uniq12037,Eukaryota,Mollusca,Gastropoda
uniq25515,Eukaryota,Mollusca,Gastropoda
uniq38116,Eukaryota,Mollusca,Gastropoda
uniq44012,Eukaryota,Mollusca,Gastropoda
uniq8720,Eukaryota,Mollusca,Gastropoda
uniq26644,Eukaryota,Mollusca,Gastropoda
uniq3800,Eukaryota,Mollusca,Gastropoda
uniq9963,Eukaryota,Mollusca,Gastropoda
uniq13058,Eukaryota,Mollusca,Gastropoda
uniq41650,Eukaryota,Mollusca,Gastropoda
uniq15321,Eukaryota,Mollusca,Gastropoda
uniq4870,Eukaryota,Mollusca,Gastropoda
uniq38169,Eukaryota,Mollusca,Gastropoda
uniq49531,Eukaryota,Mollusca,Gastropoda
uniq5932,Eukaryota,Mollusca,Gastropoda
uniq8563,Eukaryota,Mollusca,Gastropoda
uniq9765,Eukaryota,Mollusca,Gastropoda
uniq12103,Eukaryota,Mollusca,Gastropoda
uniq34168,Eukaryota,Mollusca,Gastropoda
uniq22466,Eukaryota,Mollusca,Gastropoda
uniq46609,Eukaryota,Mollusca,Gastropoda
uniq4265,Eukaryota,Mollusca,Gastropoda
uniq22361,Eukaryota,Mollusca,Gastropoda
uniq8946,Eukaryota,Mollusca,Gastropoda
uniq6466,Eukaryota,Mollusca,Gastropoda
uniq35099,Eukaryota,Mollusca,Gastropoda
uniq38079,Eukaryota,Mollusca,Gastropoda
uniq26884,Eukaryota,Mollusca,Gastropoda
uniq33351,Eukaryota,Mollusca,Gastropoda
uniq44903,Eukaryota,Mollusca,Gastropoda
uniq39684,Eukaryota,Mollusca,Gastropoda
uniq6770,Eukaryota,Mollusca,Gastropoda
uniq20134,Eukaryota,Mollusca,Gastropoda
uniq20798,Eukaryota,Mollusca,Gastropoda
uniq33653,Eukaryota,Mollusca,Gastropoda
uniq48665,Eukaryota,Mollusca,Gastropoda
uniq48495,Eukaryota,Mollusca,Gastropoda
uniq10917,Eukaryota,Mollusca,Gastropoda
uniq7594,Eukaryota,Mollusca,Gastropoda
uniq5393,Eukaryota,Mollusca,Gastropoda
uniq5635,Eukaryota,Mollusca,Gastropoda
uniq7527,Eukaryota,Mollusca,Gastropoda
uniq45531,Eukaryota,Mollusca,Gastropoda
uniq20043,Eukaryota,Mollusca,Gastropoda
uniq2364,Eukaryota,Mollusca,Gastropoda
uniq4533,Eukaryota,Mollusca,Gastropoda
uniq2557,Eukaryota,Mollusca,Gastropoda
uniq14675,Eukaryota,Mollusca,Gastropoda
uniq38965,Eukaryota,Mollusca,Gastropoda
uniq42923,Eukaryota,Mollusca,Gastropoda
uniq48240,Eukaryota,Mollusca,Gastropoda
uniq29120,Eukaryota,Mollusca,Gastropoda
uniq30604,Eukaryota,Mollusca,Gastropoda
uniq30667,Eukaryota,Mollusca,Gastropoda
uniq32708,Eukaryota,Mollusca,Gastropoda
uniq36557,Eukaryota,Mollusca,Gastropoda
uniq39750,Eukaryota,Mollusca,Gastropoda
uniq3257,Eukaryota,Mollusca,Gastropoda
uniq4539,Eukaryota,Mollusca,Gastropoda
uniq24694,Eukaryota,Mollusca,Gastropoda
uniq10232,Eukaryota,Mollusca,Gastropoda
uniq9969,Eukaryota,Mollusca,Gastropoda
uniq15097,Eukaryota,Mollusca,Gastropoda
uniq13171,Eukaryota,Mollusca,Gastropoda
uniq15943,Eukaryota,Mollusca,Gastropoda
uniq18662,Eukaryota,Mollusca,Gastropoda
uniq23302,Eukaryota,Mollusca,Gastropoda
uniq23631,Eukaryota,Mollusca,Gastropoda
uniq26954,Eukaryota,Mollusca,Gastropoda
uniq30080,Eukaryota,Mollusca,Gastropoda
uniq33816,Eukaryota,Mollusca,Gastropoda
uniq36990,Eukaryota,Mollusca,Gastropoda
uniq39890,Eukaryota,Mollusca,Gastropoda
uniq12074,Eukaryota,Mollusca,Gastropoda
uniq32568,Eukaryota,Mollusca,Gastropoda
uniq11536,Eukaryota,Mollusca,Gastropoda
uniq40964,Eukaryota,Mollusca,Gastropoda
uniq52249,Eukaryota,Mollusca,Gastropoda
uniq47390,Eukaryota,Mollusca,Gastropoda
uniq13684,Eukaryota,Mollusca,Gastropoda
uniq26727,Eukaryota,Mollusca,Gastropoda
uniq491,Eukaryota,Mollusca,Gastropoda
uniq1271,Eukaryota,Mollusca,Gastropoda
uniq10203,Eukaryota,Mollusca,Gastropoda
uniq6473,Eukaryota,Mollusca,Gastropoda
uniq8514,Eukaryota,Mollusca,Gastropoda
uniq23059,Eukaryota,Mollusca,Gastropoda
uniq22058,Eukaryota,Mollusca,Gastropoda
uniq28211,Eukaryota,Mollusca,Gastropoda
uniq1109,Eukaryota,Mollusca,Gastropoda
uniq6022,Eukaryota,Mollusca,Gastropoda
uniq27727,Eukaryota,Mollusca,Gastropoda
uniq16575,Eukaryota,Mollusca,Gastropoda
uniq31183,Eukaryota,Mollusca,Gastropoda
uniq34589,Eukaryota,Mollusca,Gastropoda
uniq36894,Eukaryota,Mollusca,Gastropoda
uniq40597,Eukaryota,Mollusca,Gastropoda
uniq46011,Eukaryota,Mollusca,Gastropoda
uniq9269,Eukaryota,Mollusca,Gastropoda
uniq12891,Eukaryota,Mollusca,Gastropoda
uniq13693,Eukaryota,Mollusca,Gastropoda
uniq15952,Eukaryota,Mollusca,Gastropoda
uniq21384,Eukaryota,Mollusca,Gastropoda
uniq30256,Eukaryota,Mollusca,Gastropoda
uniq37503,Eukaryota,Mollusca,Gastropoda
uniq12719,Eukaryota,Mollusca,Gastropoda
uniq39242,Eukaryota,Mollusca,Gastropoda
uniq28148,Eukaryota,Mollusca,Gastropoda
uniq46223,Eukaryota,Mollusca,Gastropoda
uniq6046,Eukaryota,Mollusca,Gastropoda
uniq11645,Eukaryota,Mollusca,Gastropoda
uniq31317,Eukaryota,Mollusca,Gastropoda
uniq38937,Eukaryota,Mollusca,Gastropoda
uniq40986,Eukaryota,Mollusca,Gastropoda
uniq45179,Eukaryota,Mollusca,Gastropoda
uniq51037,Eukaryota,Mollusca,Gastropoda
uniq1795,Eukaryota,Mollusca,Gastropoda
uniq7703,Eukaryota,Mollusca,Gastropoda
uniq9020,Eukaryota,Mollusca,Gastropoda
uniq13867,Eukaryota,Mollusca,Gastropoda
uniq19534,Eukaryota,Mollusca,Gastropoda
uniq22879,Eukaryota,Mollusca,Gastropoda
uniq39958,Eukaryota,Mollusca,Gastropoda
uniq6483,Eukaryota,Mollusca,Gastropoda
uniq8352,Eukaryota,Mollusca,Gastropoda
uniq12560,Eukaryota,Mollusca,Gastropoda
uniq45392,Eukaryota,Mollusca,Gastropoda
uniq12876,Eukaryota,Mollusca,Gastropoda
uniq20572,Eukaryota,Mollusca,Gastropoda
uniq24775,Eukaryota,Mollusca,Gastropoda
uniq27372,Eukaryota,Mollusca,Gastropoda
uniq3367,Eukaryota,Mollusca,Gastropoda
uniq9406,Eukaryota,Mollusca,Gastropoda
uniq21612,Eukaryota,Mollusca,Gastropoda
uniq22386,Eukaryota,Mollusca,Gastropoda
uniq20153,Eukaryota,Mollusca,Gastropoda
uniq34807,Eukaryota,Mollusca,Gastropoda
uniq43253,Eukaryota,Mollusca,Gastropoda
uniq8258,Eukaryota,Mollusca,Gastropoda
uniq10749,Eukaryota,Mollusca,Gastropoda
uniq20541,Eukaryota,Mollusca,Gastropoda
uniq24988,Eukaryota,Mollusca,Gastropoda
uniq22550,Eukaryota,Mollusca,Gastropoda
uniq486,Eukaryota,Mollusca,Gastropoda
uniq1160,Eukaryota,Mollusca,Gastropoda
uniq6605,Eukaryota,Mollusca,Gastropoda
uniq2310,Eukaryota,Mollusca,Gastropoda
uniq4295,Eukaryota,Mollusca,Gastropoda
uniq4521,Eukaryota,Mollusca,Gastropoda
uniq6982,Eukaryota,Mollusca,Gastropoda
uniq13580,Eukaryota,Mollusca,Gastropoda
uniq6937,Eukaryota,Mollusca,Gastropoda
uniq15068,Eukaryota,Mollusca,Gastropoda
uniq14263,Eukaryota,Mollusca,Gastropoda
uniq8984,Eukaryota,Mollusca,Gastropoda
uniq9113,Eukaryota,Mollusca,Gastropoda
uniq9283,Eukaryota,Mollusca,Gastropoda
uniq12572,Eukaryota,Mollusca,Gastropoda
uniq13619,Eukaryota,Mollusca,Gastropoda
uniq25405,Eukaryota,Mollusca,Gastropoda
uniq18357,Eukaryota,Mollusca,Gastropoda
uniq20780,Eukaryota,Mollusca,Gastropoda
uniq21188,Eukaryota,Mollusca,Gastropoda
uniq22675,Eukaryota,Mollusca,Gastropoda
uniq25658,Eukaryota,Mollusca,Gastropoda
uniq34245,Eukaryota,Mollusca,Gastropoda
uniq34737,Eukaryota,Mollusca,Gastropoda
uniq42183,Eukaryota,Mollusca,Gastropoda
uniq44938,Eukaryota,Mollusca,Gastropoda
uniq50281,Eukaryota,Mollusca,Gastropoda
uniq2879,Eukaryota,Mollusca,Gastropoda
uniq5059,Eukaryota,Mollusca,Gastropoda
uniq40807,Eukaryota,Mollusca,Gastropoda
uniq43440,Eukaryota,Mollusca,Gastropoda
uniq49519,Eukaryota,Mollusca,Gastropoda
uniq19491,Eukaryota,Mollusca,Gastropoda
uniq12817,Eukaryota,Mollusca,Gastropoda
uniq18282,Eukaryota,Mollusca,Gastropoda
uniq49990,Eukaryota,Mollusca,Gastropoda
uniq28858,Eukaryota,Mollusca,Gastropoda
uniq34690,Eukaryota,Mollusca,Gastropoda
uniq48450,Eukaryota,Mollusca,Gastropoda
uniq6550,Eukaryota,Mollusca,Gastropoda
uniq15134,Eukaryota,Mollusca,Gastropoda
uniq27245,Eukaryota,Mollusca,Gastropoda
uniq34196,Eukaryota,Mollusca,Gastropoda
uniq459,Eukaryota,Mollusca,Gastropoda
uniq20784,Eukaryota,Mollusca,Gastropoda
uniq17660,Eukaryota,Mollusca,Gastropoda
uniq27699,Eukaryota,Mollusca,Gastropoda
uniq26707,Eukaryota,Mollusca,Gastropoda
uniq15484,Eukaryota,Mollusca,Gastropoda
uniq32240,Eukaryota,Mollusca,Gastropoda
uniq50872,Eukaryota,Mollusca,Gastropoda
uniq49670,Eukaryota,Mollusca,Gastropoda
uniq50379,Eukaryota,Mollusca,Gastropoda
uniq31800,Eukaryota,Mollusca,Gastropoda
uniq42528,Eukaryota,Mollusca,Gastropoda
uniq3253,Eukaryota,Mollusca,Gastropoda
uniq7528,Eukaryota,Mollusca,Gastropoda
uniq28339,Eukaryota,Mollusca,Gastropoda
uniq41509,Eukaryota,Mollusca,Gastropoda
uniq52276,Eukaryota,Mollusca,Gastropoda
uniq42651,Eukaryota,Mollusca,Gastropoda
uniq21128,Eukaryota,Mollusca,Gastropoda
uniq47277,Eukaryota,Mollusca,Gastropoda
uniq28443,Eukaryota,Mollusca,Gastropoda
uniq36325,Eukaryota,Mollusca,Gastropoda
uniq45816,Eukaryota,Mollusca,Gastropoda
uniq23892,Eukaryota,Mollusca,Gastropoda
uniq42806,Eukaryota,Mollusca,Gastropoda
uniq22413,Eukaryota,Mollusca,Gastropoda
uniq42593,Eukaryota,Mollusca,Gastropoda
uniq23267,Eukaryota,Mollusca,Gastropoda
uniq27046,Eukaryota,Mollusca,Gastropoda
uniq19015,Eukaryota,Mollusca,Gastropoda
uniq16561,Eukaryota,Mollusca,Gastropoda
uniq3338,Eukaryota,Mollusca,Gastropoda
uniq16289,Eukaryota,Mollusca,Gastropoda
uniq9251,Eukaryota,Mollusca,Gastropoda
uniq15511,Eukaryota,Mollusca,Gastropoda
uniq27278,Eukaryota,Mollusca,Gastropoda
uniq32884,Eukaryota,Mollusca,Gastropoda
uniq34627,Eukaryota,Mollusca,Gastropoda
uniq10579,Eukaryota,Mollusca,Gastropoda
uniq31573,Eukaryota,Mollusca,Gastropoda
uniq18067,Eukaryota,Mollusca,Gastropoda
uniq35853,Eukaryota,Mollusca,Gastropoda
uniq36938,Eukaryota,Mollusca,Gastropoda
uniq4947,Eukaryota,Mollusca,Gastropoda
uniq15454,Eukaryota,Mollusca,Gastropoda
uniq40549,Eukaryota,Mollusca,Gastropoda
uniq1895,Eukaryota,Mollusca,Gastropoda
uniq3429,Eukaryota,Mollusca,Gastropoda
uniq6358,Eukaryota,Mollusca,Gastropoda
uniq7254,Eukaryota,Mollusca,Gastropoda
uniq12486,Eukaryota,Mollusca,Gastropoda
uniq9854,Eukaryota,Mollusca,Gastropoda
uniq10886,Eukaryota,Mollusca,Gastropoda
uniq25029,Eukaryota,Mollusca,Gastropoda
uniq20169,Eukaryota,Mollusca,Gastropoda
uniq22253,Eukaryota,Mollusca,Gastropoda
uniq23143,Eukaryota,Mollusca,Gastropoda
uniq30139,Eukaryota,Mollusca,Gastropoda
uniq23026,Eukaryota,Mollusca,Gastropoda
uniq1128,Eukaryota,Mollusca,Gastropoda
uniq5780,Eukaryota,Mollusca,Gastropoda
uniq2919,Eukaryota,Mollusca,Gastropoda
uniq4353,Eukaryota,Mollusca,Gastropoda
uniq6653,Eukaryota,Mollusca,Gastropoda
uniq10884,Eukaryota,Mollusca,Gastropoda
uniq11434,Eukaryota,Mollusca,Gastropoda
uniq12505,Eukaryota,Mollusca,Gastropoda
uniq13827,Eukaryota,Mollusca,Gastropoda
uniq15063,Eukaryota,Mollusca,Gastropoda
uniq15208,Eukaryota,Mollusca,Gastropoda
uniq16854,Eukaryota,Mollusca,Gastropoda
uniq18463,Eukaryota,Mollusca,Gastropoda
uniq19029,Eukaryota,Mollusca,Gastropoda
uniq19307,Eukaryota,Mollusca,Gastropoda
uniq19524,Eukaryota,Mollusca,Gastropoda
uniq20934,Eukaryota,Mollusca,Gastropoda
uniq22926,Eukaryota,Mollusca,Gastropoda
uniq23369,Eukaryota,Mollusca,Gastropoda
uniq23547,Eukaryota,Mollusca,Gastropoda
uniq23913,Eukaryota,Mollusca,Gastropoda
uniq24201,Eukaryota,Mollusca,Gastropoda
uniq24971,Eukaryota,Mollusca,Gastropoda
uniq25196,Eukaryota,Mollusca,Gastropoda
uniq25581,Eukaryota,Mollusca,Gastropoda
uniq25660,Eukaryota,Mollusca,Gastropoda
uniq30758,Eukaryota,Mollusca,Gastropoda
uniq32784,Eukaryota,Mollusca,Gastropoda
uniq33129,Eukaryota,Mollusca,Gastropoda
uniq35091,Eukaryota,Mollusca,Gastropoda
uniq35205,Eukaryota,Mollusca,Gastropoda
uniq37404,Eukaryota,Mollusca,Gastropoda
uniq39163,Eukaryota,Mollusca,Gastropoda
uniq40338,Eukaryota,Mollusca,Gastropoda
uniq41974,Eukaryota,Mollusca,Gastropoda
uniq43086,Eukaryota,Mollusca,Gastropoda
uniq45053,Eukaryota,Mollusca,Gastropoda
uniq45100,Eukaryota,Mollusca,Gastropoda
uniq47761,Eukaryota,Mollusca,Gastropoda
uniq51220,Eukaryota,Mollusca,Gastropoda
uniq14532,Eukaryota,Mollusca,Gastropoda
uniq38339,Eukaryota,Mollusca,Gastropoda
uniq3406,Eukaryota,Mollusca,Gastropoda
uniq5589,Eukaryota,Mollusca,Gastropoda
uniq12860,Eukaryota,Mollusca,Gastropoda
uniq26668,Eukaryota,Mollusca,Gastropoda
uniq26681,Eukaryota,Mollusca,Gastropoda
uniq26686,Eukaryota,Mollusca,Gastropoda
uniq28570,Eukaryota,Mollusca,Gastropoda
uniq29192,Eukaryota,Mollusca,Gastropoda
uniq30968,Eukaryota,Mollusca,Gastropoda
uniq34113,Eukaryota,Mollusca,Gastropoda
uniq42034,Eukaryota,Mollusca,Gastropoda
uniq13723,Eukaryota,Mollusca,Gastropoda
uniq49295,Eukaryota,Mollusca,Gastropoda
uniq807,Eukaryota,Mollusca,Gastropoda
uniq9475,Eukaryota,Mollusca,Gastropoda
uniq8721,Eukaryota,Mollusca,Gastropoda
uniq9675,Eukaryota,Mollusca,Gastropoda
uniq5421,Eukaryota,Mollusca,Gastropoda
uniq4109,Eukaryota,Mollusca,Gastropoda
uniq9852,Eukaryota,Mollusca,Gastropoda
uniq16180,Eukaryota,Mollusca,Gastropoda
uniq18831,Eukaryota,Mollusca,Gastropoda
uniq22462,Eukaryota,Mollusca,Gastropoda
uniq35540,Eukaryota,Mollusca,Gastropoda
uniq43581,Eukaryota,Mollusca,Gastropoda
uniq45929,Eukaryota,Mollusca,Gastropoda
uniq50405,Eukaryota,Mollusca,Gastropoda
uniq51875,Eukaryota,Mollusca,Gastropoda
uniq34792,Eukaryota,Nemertea,Nemertea
uniq40702,Eukaryota,Nemertea,Nemertea
uniq50069,Eukaryota,Nemertea,Palaeonemertea
uniq49143,Eukaryota,Nemertea,Palaeonemertea
uniq49920,Eukaryota,Nemertea,Palaeonemertea
uniq5379,Eukaryota,Nemertea,Nemertea
uniq23590,Eukaryota,Nemertea,Nemertea
uniq34185,Eukaryota,Nemertea,Nemertea
uniq21341,Eukaryota,Phoronida,Phoronida
uniq18613,Eukaryota,Platyhelminthes,Rhabditophora
uniq21699,Eukaryota,Platyhelminthes,Rhabditophora
uniq9621,Eukaryota,Platyhelminthes,Rhabditophora
uniq50922,Eukaryota,Platyhelminthes,Rhabditophora
uniq36336,Eukaryota,Platyhelminthes,Rhabditophora
uniq5959,Eukaryota,Porifera,Demospongiae
uniq15325,Eukaryota,Porifera,Demospongiae
uniq24136,Eukaryota,Porifera,Demospongiae
uniq35919,Eukaryota,Porifera,Demospongiae
uniq47115,Eukaryota,Porifera,Demospongiae
uniq6844,Eukaryota,Porifera,Demospongiae
uniq41833,Eukaryota,Porifera,Demospongiae
uniq13357,Eukaryota,Porifera,Demospongiae
uniq6228,Eukaryota,Porifera,Demospongiae
uniq670,Eukaryota,Porifera,Demospongiae
uniq4017,Eukaryota,Porifera,Demospongiae
uniq6801,Eukaryota,Porifera,Demospongiae
uniq16752,Eukaryota,Porifera,Demospongiae
uniq26741,Eukaryota,Porifera,Demospongiae
uniq38556,Eukaryota,Porifera,Demospongiae
uniq29918,Eukaryota,Porifera,Demospongiae
uniq32226,Eukaryota,Porifera,Demospongiae
uniq47977,Eukaryota,Porifera,Demospongiae
uniq49662,Eukaryota,Porifera,Demospongiae
uniq4770,Eukaryota,Porifera,Demospongiae
uniq16114,Eukaryota,Porifera,Demospongiae
uniq26880,Eukaryota,Porifera,Demospongiae
uniq49097,Eukaryota,Porifera,Demospongiae
uniq12724,Eukaryota,Porifera,Demospongiae
uniq13303,Eukaryota,Porifera,Demospongiae
uniq31248,Eukaryota,Porifera,Demospongiae
uniq25457,Eukaryota,Porifera,Demospongiae
uniq37556,Eukaryota,Porifera,Demospongiae
uniq21157,Eukaryota,Porifera,Demospongiae
uniq33388,Eukaryota,Porifera,Demospongiae
uniq49826,Eukaryota,Porifera,Demospongiae
uniq4663,Eukaryota,Porifera,Demospongiae
uniq3618,Eukaryota,Porifera,Demospongiae
uniq18708,Eukaryota,Porifera,Demospongiae
uniq24366,Eukaryota,Porifera,Demospongiae
uniq37493,Eukaryota,Porifera,Demospongiae
uniq34584,Eukaryota,Porifera,Demospongiae
uniq41483,Eukaryota,Porifera,Homoscleromorpha
uniq30776,Eukaryota,Porifera,Homoscleromorpha
uniq32310,Eukaryota,Porifera,Homoscleromorpha
uniq34775,Eukaryota,Porifera,Homoscleromorpha
uniq38248,Eukaryota,Porifera,Homoscleromorpha
uniq38132,Eukaryota,Sipuncula,Sipuncula
uniq8288,Eukaryota,Sipuncula,Sipuncula
uniq12156,Eukaryota,Sipuncula,Sipuncula
uniq40612,Eukaryota,Sipuncula,Sipuncula
uniq42896,Eukaryota,Sipuncula,Sipuncula
uniq46521,Eukaryota,Sipuncula,Sipuncula
uniq47662,Eukaryota,Sipuncula,Sipuncula